Features,Label
"[-3.25791870e+02  1.20350716e+02 -3.30505204e+00  8.02082443e+00
 -7.08186626e+00 -1.17105694e+01 -2.98030138e+00  9.14212036e+00
 -9.94750404e+00  4.66122955e-01  6.44622803e+00  3.90177035e+00
  2.31833172e+00  5.28619812e-02  8.88874652e+00  4.81977170e-03
  2.86136008e-02  2.48707910e+03  3.08916729e+03  6.36969031e+03
  9.30152717e-04  1.14333756e-01]",1
"[-5.81740051e+02  8.20662308e+00 -6.65886688e+00 -4.29141283e+00
 -3.03464246e+00  2.59199113e-01 -1.96439886e+00 -2.71645188e-01
  5.18168271e-01  3.41995955e-01  9.05891001e-01 -9.25949588e-03
 -1.90380394e-01  1.30805205e-02  6.04260160e-01  8.64309715e-04
  7.09572689e-03  3.49701506e+02  3.05154270e+02  6.98767372e+02
  9.21822131e-01  7.06648780e-03]",0
"[-3.41089355e+02  6.59446182e+01 -8.21097946e+01  3.08082314e+01
 -6.67191029e+00  9.11152935e+00 -1.67265472e+01  1.65093899e+01
  5.98003244e+00  4.13027573e+00  6.13915014e+00 -1.19842472e+01
  4.21879101e+00  1.07086323e-01  2.02953240e+00  1.47970927e-03
  5.79559838e-02  3.54997373e+03  2.79294121e+03  7.64350740e+03
  1.80880103e-04  5.30202463e-02]",1
"[-5.86658875e+02  1.19011736e+01 -9.88042831e-01 -1.79214847e+00
 -2.17626429e+00  9.71365809e-01  2.91159034e-01 -3.62241656e-01
 -3.89924765e-01  3.13253969e-01  9.49549153e-02  4.80144680e-01
  7.54784405e-01  3.59025905e-03  4.19936513e-01  4.41103055e-04
  1.93214268e-03  1.87661035e+02  2.94353273e+02  4.16314124e+02
  8.84565711e-01  6.11353246e-03]",0
"[-2.53313339e+02  1.26198982e+02 -5.81084595e+01  6.01743078e+00
 -1.07399559e+01 -7.96135378e+00 -4.77222490e+00  2.31538467e+01
  3.62702274e+00  5.88164425e+00 -3.26577973e+00 -3.21595001e+00
  5.89259720e+00  6.19116549e-02  2.56703433e+00  2.78303459e-03
  3.35175240e-02  2.69512355e+03  2.87310497e+03  6.27462277e+03
  1.16133771e-04  6.24765009e-02]",1
"[-2.53816132e+02  1.94562973e+02 -3.18444538e+01 -5.53388643e+00
  3.70333004e+00 -3.61695671e+00 -1.39203978e+01 -1.87804585e+01
 -5.86425877e+00 -3.48558831e+00  5.33324337e+00  1.23986006e+01
  4.59377003e+00  3.34604319e-02  9.30852335e+00  1.01791991e-02
  1.81161802e-02  1.22833074e+03  1.57882187e+03  2.47243641e+03
  7.92907849e-06  1.43023923e-01]",0
"[-2.98131622e+02  4.81501045e+01 -8.67776413e+01  1.86530056e+01
 -2.18085117e+01 -8.02844286e-01 -2.35032215e+01  2.65474930e+01
  4.30018377e+00 -2.98136783e+00 -2.02708507e+00 -1.02741833e+01
  3.49259233e+00  1.05101599e-01  2.99842472e+00  2.18569144e-03
  5.68784559e-02  3.72731247e+03  3.00350571e+03  8.29935767e+03
  8.59958382e-05  7.02447370e-02]",1
"[-2.89164154e+02  1.49051727e+02 -4.41359758e+00 -1.16830568e+01
 -3.87347436e+00 -8.49266529e+00 -1.62058830e+01 -1.62988491e+01
 -1.47780142e+01 -9.85139370e+00 -2.10970926e+00  6.39939928e+00
  8.63593006e+00  4.13165688e-02  5.58748058e+00  2.72084973e-03
  2.23590732e-02  1.93453690e+03  2.91609563e+03  4.58771694e+03
  8.74261605e-05  8.29235166e-02]",0
"[-3.82908295e+02  1.04474602e+02 -2.13826904e+01  1.94390678e+01
 -1.39244852e+01  2.26434555e+01 -2.04718828e+00  4.93867540e+00
  3.19029093e+00  7.65921259e+00  2.33035374e+00  4.17459235e-02
 -2.09902573e+00  8.72345676e-02  1.45910724e+00  7.12254226e-04
  4.71998236e-02  3.51691274e+03  3.59336681e+03  8.89726073e+03
  7.39786832e-04  3.22648287e-02]",1
"[-1.58308533e+02  2.01413940e+02 -6.12400017e+01  1.72659168e+01
 -2.31012106e+00  1.47791824e+01 -4.32232237e+00  4.36464024e+00
  1.23248674e-01  4.14546442e+00  1.04671896e+00 -6.02242374e+00
 -6.19430065e+00  5.07421273e-02  1.29619345e+01  8.61010289e-03
  2.74609737e-02  1.66857270e+03  1.89268576e+03  3.58292261e+03
  1.42042481e-04  1.85431510e-01]",0
"[-3.61261780e+02  5.06567154e+01 -8.38613281e+01  1.32540083e+01
 -2.76236038e+01 -2.44485264e+01 -6.02453899e+00  6.21111822e+00
 -1.13960304e+01  2.53588462e+00 -9.86004734e+00 -2.27390981e+00
 -1.17124023e+01  1.60659555e-01  2.37688415e+00  1.12412619e-03
  8.69406713e-02  4.02152931e+03  3.16909555e+03  8.41207831e+03
  1.40514364e-03  5.44401184e-02]",1
"[-1.12551682e+02  1.67105682e+02 -6.72662811e+01  1.15960512e+01
 -1.51966820e+01  3.69425797e+00 -1.42775135e+01  1.64781628e+01
 -9.67461586e+00  1.35925746e+00 -1.07397575e+01  4.36887169e+00
  9.96415496e-01  6.89642720e-02  1.71486859e+01  1.00611101e-02
  3.73326559e-02  2.23480803e+03  2.43828745e+03  4.66605268e+03
  6.36351251e-05  2.10291252e-01]",0
"[-3.32708466e+02  3.23657722e+01 -1.12747200e+02  1.42095985e+01
 -2.42476845e+01 -2.60687408e+01 -2.80328155e+00 -2.75628233e+00
 -6.06881809e+00  2.15881157e+00 -1.01751728e+01 -4.30867481e+00
 -1.70845299e+01  1.33306048e-01  1.88275998e+00  1.22247880e-03
  7.21352006e-02  3.88007857e+03  2.62927268e+03  7.21889852e+03
  5.68699383e-04  5.28315827e-02]",1
"[-4.19655090e+02  1.58623489e+02 -5.42016077e+00 -2.64092088e+00
  1.06632986e+01  1.34545317e+01  9.92070484e+00  7.76643324e+00
  7.86352491e+00  6.60151815e+00  7.09733772e+00  9.02008057e+00
  8.82192898e+00  2.62016684e-02  4.68336964e-01  6.32862199e-04
  1.41795773e-02  1.40036007e+03  2.13971416e+03  3.45223033e+03
  5.42537382e-05  1.95626002e-02]",0
"[-2.31382004e+02  7.56430740e+01 -8.95622635e+01  1.14717360e+01
 -2.33401508e+01  1.24906979e+01 -3.28756828e+01 -1.24585505e+01
  6.19608641e-01  1.36712179e+01  1.67705202e+00 -7.98292398e+00
  1.29636550e+00  1.08947375e-01  1.24052306e+01  1.29238954e-02
  5.89570540e-02  3.63911351e+03  3.01342547e+03  8.14194150e+03
  9.42576560e-04  1.38675019e-01]",1
"[-3.99745392e+02  9.83937302e+01  1.28320513e+01 -7.13385916e+00
 -1.86969643e+01 -1.77636013e+01 -2.03462181e+01 -1.37126637e+01
 -6.39231873e+00 -1.35895128e+01 -9.66915131e+00  3.47618192e-01
  7.01658309e-01  4.25730090e-02  2.76007379e+00  4.38565609e-03
  2.30398503e-02  1.72430361e+03  2.36025215e+03  3.91104682e+03
  5.24699397e-04  4.37191315e-02]",0
"[-2.17475204e+02  6.17211761e+01 -1.01833199e+02  7.24556351e+00
 -1.85364075e+01  1.87091408e+01 -1.87607861e+01 -5.79726362e+00
 -2.65769219e+00  1.76802368e+01  4.48763037e+00 -1.10896988e+01
 -3.45563084e-01  1.08592546e-01  2.20452110e+01  2.50520771e-02
  5.87642754e-02  3.54177606e+03  2.81669843e+03  7.63780061e+03
  2.84878351e-03  1.86894655e-01]",1
"[-3.57286194e+02  7.49068527e+01  6.20167208e+00 -5.24447155e+00
  9.16478634e-01  1.21416922e+01  1.22643340e+00 -5.24281788e+00
 -5.11209488e+00 -5.41417885e+00 -5.64485741e+00 -3.08196092e+00
  4.15329695e+00  7.72673103e-02  6.15155648e+00  6.35621470e-03
  4.18133303e-02  2.77920378e+03  3.44704119e+03  7.59252779e+03
  5.14024461e-04  4.55032885e-02]",0
"[-3.58394470e+02  7.36816940e+01 -4.35383911e+01 -5.36585617e+00
 -3.85421181e+01  9.32652950e+00 -1.23317137e+01  1.63968296e+01
  1.49358523e+00  2.55477810e+00  3.39011145e+00 -3.03670907e+00
 -2.09618568e+00  7.35265794e-02  1.42539024e+00  7.49690332e-04
  3.98058815e-02  3.52858612e+03  3.53025614e+03  9.25529586e+03
  3.89771648e-02  4.39606905e-02]",1
"[-2.75926727e+02  1.32018921e+02 -3.56720810e+01  1.56189690e+01
 -1.12579393e+01  3.12385845e+00 -1.49437399e+01  4.29741335e+00
  8.99974918e+00  1.12372131e+01 -3.95204210e+00  1.55119836e+00
 -1.12636246e-01  7.27325135e-02  3.35427881e+00  1.31782429e-03
  3.93463916e-02  2.60434903e+03  2.97571111e+03  6.44860677e+03
  3.23138374e-04  6.83340505e-02]",0
"[-4.38035370e+02  4.26573563e+01 -3.32435265e+01  7.73518276e+00
 -4.44266415e+00 -1.26771317e+01 -4.54919815e+00  4.03411746e-01
 -8.81771851e+00  8.00542927e+00  7.69072247e+00 -1.05870008e+01
  1.68086600e+00  4.34668119e-02  2.39192887e+00  2.06636666e-03
  2.35299986e-02  1.65487928e+03  1.70476341e+03  3.74238112e+03
  2.56288469e-01  4.62244041e-02]",1
"[-2.89400696e+02  1.43422958e+02 -3.39160194e+01  1.60948257e+01
 -1.72552528e+01  2.94051552e+00 -1.69518871e+01  9.19972038e+00
  6.69113827e+00  1.54252148e+01 -6.98681355e+00  4.44653845e+00
 -2.29874820e-01  6.66917067e-02  1.15842950e+00  6.27963503e-04
  3.60867196e-02  2.43258567e+03  2.99300565e+03  6.09263762e+03
  1.93250293e-04  5.17669916e-02]",0
"[-3.40725861e+02  9.65753937e+01 -4.34992523e+01  1.87103977e+01
  7.55002546e+00 -2.47842522e+01 -7.60201931e-01 -1.28328943e+01
 -1.41177540e+01  1.98899784e+01  1.65161648e+01  3.10372710e+00
 -5.65191209e-01  5.28998941e-02  4.55357420e+00  3.27452874e-03
  2.86254777e-02  2.24156662e+03  2.35184077e+03  5.23520609e+03
  1.75469671e-04  7.90594667e-02]",1
"[-1.81911163e+02  2.11124893e+02 -8.15802002e+01 -5.36319399e+00
 -1.79353213e+00 -1.68950653e+01 -1.16215773e+01 -5.84656000e+00
 -1.08835592e+01 -5.63142681e+00 -5.82567358e+00 -6.77225399e+00
 -1.66293252e+00  6.10675077e-02  6.82486408e+00  4.35112585e-03
  3.30376018e-02  1.74360462e+03  1.57559434e+03  3.48142790e+03
  9.52053142e-06  1.33276924e-01]",0
"[-2.54835434e+02  8.38145447e+01 -5.04548187e+01  3.13218327e+01
 -3.85249290e+01  8.95921993e+00 -1.41867933e+01 -1.52474537e+01
  1.50659227e+01 -5.30742444e-02  5.50314379e+00  2.92991638e+00
 -1.62957299e+00  1.64501878e-01  3.52522254e+00  3.08905893e-03
  8.90103761e-02  4.71736912e+03  3.52969731e+03  9.36485308e+03
  7.88087666e-04  6.56303689e-02]",1
"[-4.81352509e+02  1.15458244e+02 -2.86549511e+01  4.08815651e+01
 -1.02739515e+01  2.48547821e+01 -6.88354588e+00  1.40639381e+01
 -3.71090817e+00  1.73994958e+00 -9.20645773e-01 -3.26210356e+00
  3.63069749e+00  8.06655649e-02  2.41493489e-02  2.21594657e-05
  4.36407051e-02  3.49812828e+03  3.63917905e+03  9.15495726e+03
  1.45785965e-03  4.76400182e-03]",0
"[-2.68211060e+02  9.67373123e+01 -4.24366302e+01  2.48732147e+01
 -3.68731003e+01  1.19175186e+01 -4.07076550e+00 -2.71970749e+00
  4.38644218e+00  5.94350433e+00  5.95393002e-01  3.81006289e+00
 -7.22678137e+00  1.30209336e-01  1.93271567e+00  1.70418432e-03
  7.04458877e-02  4.34966434e+03  3.76934642e+03  9.89745977e+03
  1.12430996e-03  4.46161777e-02]",1
"[-4.69990173e+02  1.21531357e+02 -3.06152267e+01  3.75464630e+01
 -1.13148298e+01  2.45426846e+01 -8.76522541e+00  1.25424480e+01
 -3.83138680e+00  2.40341282e+00 -4.36813802e-01 -2.84061956e+00
  2.59008265e+00  7.53069839e-02  2.51222135e-02  2.12319689e-05
  4.07456797e-02  3.29463487e+03  3.50611284e+03  8.65550484e+03
  1.30188314e-03  5.36230486e-03]",0
"[-3.88761169e+02  4.49966002e+00 -8.76197815e+01 -1.38277702e+01
 -4.73786087e+01  7.42772198e+00 -3.41388931e+01  5.73643684e-01
 -9.08165836e+00 -5.33897829e+00 -1.76967182e+01  1.55488825e+00
 -6.73878193e+00  1.83640396e-01  7.77254287e-01  4.18807590e-04
  9.93630606e-02  5.82834663e+03  4.21006874e+03  1.21369461e+04
  3.80677171e-02  3.43826525e-02]",1
"[-4.90819580e+02  1.18180321e+02 -2.92634296e+01  4.35949173e+01
 -1.57009726e+01  2.91630707e+01 -8.76167679e+00  1.83019638e+01
 -2.08553362e+00  5.22574711e+00 -2.70753837e+00 -3.96664643e+00
 -7.43065774e-01  7.98270304e-02  4.43051386e-03  4.71889113e-06
  4.31978263e-02  3.56450380e+03  3.75282597e+03  9.51666460e+03
  1.52293348e-03  2.76045315e-03]",0
"[-2.46927719e+02  8.79512253e+01 -6.98652802e+01 -3.47519875e-01
 -4.29253540e+01  4.44914818e+00 -1.78944263e+01  2.10248852e+01
  6.35620975e+00  3.23741364e+00 -7.12270880e+00  1.08071184e+01
 -1.09219570e+01  8.56184996e-02  3.74739561e+00  3.12332202e-03
  4.62997868e-02  3.66428922e+03  3.45731684e+03  8.64861694e+03
  9.54701623e-04  8.17690864e-02]",1
"[-2.41070297e+02  1.77020508e+02  1.36138906e+01  1.97763672e+01
 -2.43507767e+00  2.22663021e+01 -6.80253625e-01  1.22953634e+01
 -1.57210898e+00  1.09478436e+01 -2.08947134e+00 -2.59362668e-01
 -1.43163359e+00  2.19282670e-02  3.64221897e+00  6.26190954e-03
  1.18726253e-02  1.40976588e+03  2.69007687e+03  3.60701060e+03
  2.90938224e-05  8.99206996e-02]",0
"[-2.35289474e+02  6.42275391e+01 -5.86283455e+01  1.87315216e+01
 -3.70465813e+01  1.34174910e+01 -3.32234883e+00  2.75203171e+01
  4.16098690e+00  1.49444675e+01 -4.16398668e+00  3.44182634e+00
 -1.06949317e+00  1.01574538e-01  4.06777751e+00  2.17776482e-03
  5.49789027e-02  4.47007463e+03  3.89425329e+03  1.03442489e+04
  3.37252440e-03  8.47432166e-02]",1
"[-2.38861618e+02  2.72348663e+02 -2.80348663e+01 -8.24572945e+00
  2.26488400e+01 -1.27208338e+01 -3.78023720e+00 -3.62058687e+00
 -1.05115919e+01 -1.18895423e+00 -2.69848013e+00 -5.71943665e+00
 -3.80250835e+00  2.83736889e-02  8.14716259e+00  7.79069937e-03
  1.53502849e-02  9.08545145e+02  1.04360202e+03  2.00867156e+03
  9.64456603e-07  1.48536652e-01]",0
"[-2.86568024e+02  1.18713638e+02 -2.95115738e+01  4.40918493e+00
 -1.85256310e+01  4.48365593e+00 -7.64488029e+00  1.57409315e+01
  1.67706852e+01  2.00018787e+01  3.32869554e+00 -6.20493317e+00
  4.04361677e+00  5.14478404e-02  5.03984997e+00  1.52105965e-03
  2.78489182e-02  2.53276909e+03  3.11632741e+03  7.20401771e+03
  9.69963221e-05  7.77993277e-02]",1
"[-4.37879364e+02  5.62978783e+01 -4.97586441e+01  1.02314596e+01
 -2.85262084e+00  1.47026014e+00  9.36845875e+00  1.76009130e+00
 -3.26987267e+00 -3.77954960e+00 -8.76189804e+00  9.21342015e-01
  2.96543002e+00  6.41734628e-02  1.75324914e+00  5.33885851e-04
  3.47281010e-02  2.22468097e+03  1.79391018e+03  4.62972156e+03
  3.62780482e-01  4.68132384e-02]",0
"[-3.63876495e+02  6.14070549e+01 -6.84901276e+01  1.23186607e+01
 -1.79460793e+01 -8.73158646e+00 -1.17592630e+01 -2.56860371e+01
 -1.94713917e+01  8.50495040e-01 -2.36618996e+00 -9.87099934e+00
 -3.60094452e+00  9.93385256e-02  5.30629267e+00  1.61946022e-03
  5.37708524e-02  3.13353728e+03  2.60114700e+03  6.76121012e+03
  1.03099027e-03  7.80608952e-02]",1
"[-5.48225952e+02  5.04649544e+01 -4.85017204e+01  1.94868507e+01
 -1.96734321e+00  5.31896734e+00  3.77720094e+00  5.92016983e+00
 -4.92938900e+00  3.77393460e+00 -1.81540048e+00  1.40870786e+00
 -1.87470281e+00  6.76341005e-02  4.37137253e-01  1.37575508e-04
  3.66089718e-02  2.06763034e+03  1.51755786e+03  4.02329154e+03
  4.70660627e-01  2.18962729e-02]",0
"[-2.27030594e+02  1.08180443e+02 -8.03450165e+01 -5.72077751e+00
 -3.48266525e+01 -2.10964775e+01 -2.27428761e+01 -1.09141216e+01
 -3.95282936e+01  1.71864910e+01  1.18420525e+01 -2.44079723e+01
 -7.03096008e+00  8.02406346e-02  1.48943872e+01  5.70146073e-03
  4.34134559e-02  2.92625327e+03  2.68507018e+03  6.19318479e+03
  1.48362393e-04  1.61346599e-01]",1
"[-2.73137268e+02  1.84346161e+02 -5.96786919e+01  4.08567696e+01
  6.85981131e+00  4.39098310e+00 -1.30538006e+01  6.89683342e+00
 -8.67550278e+00  6.61143255e+00  8.37008953e-01  6.13211823e+00
  8.91360092e+00  7.14049258e-02  1.03382887e+00  6.54122219e-04
  3.86469776e-02  2.01099767e+03  2.18977432e+03  4.48104630e+03
  9.40060709e-05  4.91131581e-02]",0
"[-3.29525726e+02  7.79927597e+01 -5.34501190e+01  1.01243801e+01
 -4.00719690e+00 -2.13340034e+01 -1.73719158e+01 -2.46357708e+01
 -2.13334770e+01  1.59602916e+00 -8.25667667e+00 -1.70793953e+01
 -9.52449417e+00  8.31101334e-02  7.91918126e+00  1.90995916e-03
  4.49483904e-02  2.71231239e+03  2.49629631e+03  6.08689570e+03
  6.05284411e-04  1.05949581e-01]",1
"[-3.70826569e+02  1.54761871e+02  4.22552719e+01 -1.20467591e+00
 -2.48330045e+00 -7.97135210e+00 -1.04719772e+01 -5.89245224e+00
 -4.10412693e+00 -6.48939943e+00 -9.53886223e+00 -9.16416359e+00
 -2.64315891e+00  2.61324514e-02  5.25867690e+00  7.86129453e-03
  1.41409069e-02  1.12622900e+03  1.66223326e+03  2.77380172e+03
  4.14997230e-05  6.78429827e-02]",0
"[-3.05306763e+02  5.90885620e+01 -9.69958344e+01  5.26827335e+00
 -2.64339199e+01 -8.26408100e+00 -1.60480690e+01 -1.96125832e+01
 -1.96724319e+01 -4.09448147e+00 -1.05363131e+01 -9.52077770e+00
  1.06064281e+01  1.07779998e-01  1.12972428e+01  3.03490746e-03
  5.83044616e-02  3.33110315e+03  2.58401666e+03  6.73654149e+03
  1.14085013e-03  1.38127029e-01]",1
"[-5.19727600e+02  6.56892090e+01 -3.40966463e+00  5.09123764e+01
 -3.73608398e+00  1.35301304e+01  7.46214533e+00  2.28583736e+01
  1.32969987e+00  1.65198994e+01  8.89749527e-02  3.50147462e+00
  7.02025700e+00  3.80911838e-02  6.74969205e-02  1.60232789e-04
  2.06266262e-02  2.45771492e+03  3.14055350e+03  7.27214114e+03
  2.06120774e-01  1.02212913e-02]",0
"[-2.74839691e+02  8.92968903e+01 -7.47171097e+01  5.85236359e+00
 -1.43809090e+01 -3.32627983e+01 -2.78172722e+01 -1.65448208e+01
 -4.25268440e+01  2.12417632e-01  2.87775159e+00 -2.59404488e+01
 -7.98136330e+00  6.79365490e-02  7.41915116e+00  3.89517750e-03
  3.67549444e-02  2.70954789e+03  2.51740198e+03  5.62310236e+03
  7.77545210e-05  1.21022277e-01]",1
"[-3.64622894e+02  1.60001083e+02 -1.01998386e+01 -4.92519760e+01
 -4.73389740e+01 -2.48920307e+01 -2.34708977e+01 -1.78684444e+01
 -7.99284267e+00 -1.50330276e+01 -1.06593428e+01  3.90944886e+00
  1.13429890e+01  4.03023883e-02  2.05122024e+00  3.79007828e-03
  2.18116379e-02  1.64868762e+03  2.14426077e+03  3.29111287e+03
  1.73164808e-04  5.01739495e-02]",0
"[-3.24368317e+02  8.24598083e+01 -1.49357100e+01  2.14551697e+01
 -2.17948132e+01  2.01021328e+01 -1.59296341e+01  8.59607029e+00
  1.11395054e+01  1.18353024e+01  9.40036583e+00 -1.41622806e+00
  1.49531698e+00  7.21046201e-02  3.50683739e+00  1.45300419e-03
  3.90258690e-02  3.57886387e+03  3.74614898e+03  8.82413411e+03
  5.91545773e-04  5.65297566e-02]",1
"[-4.66842468e+02  5.70028954e+01 -2.21528988e+01 -2.59989491e+01
 -1.86811199e+01 -5.56347322e+00 -1.29301224e+01 -5.42148066e+00
  2.67365132e-03 -1.83988023e+00 -1.53621066e+00 -2.28331280e+00
 -2.47451472e+00  7.12589681e-02  2.26631115e+00  3.48760200e-03
  3.85010304e-02  2.09090535e+03  2.24637101e+03  4.87260885e+03
  4.33496088e-01  2.88703199e-02]",0
"[-2.51239456e+02  8.24167099e+01 -3.98165436e+01  1.58773613e+01
 -2.62682896e+01  1.72413769e+01 -2.89116879e+01 -2.93854904e+00
  4.61798763e+00  7.04501820e+00 -1.53142881e+00  2.37285399e+00
 -1.14819517e+01  8.07793240e-02  5.75712333e+00  2.12448865e-03
  4.37162632e-02  3.66986874e+03  3.63502637e+03  9.01645647e+03
  5.15175518e-04  9.59523320e-02]",1
"[-4.10594055e+02  7.93539276e+01  2.59141231e+00 -1.34783182e+01
 -2.50839367e+01 -1.52249699e+01 -6.08673716e+00 -1.35295162e+01
 -1.04418278e+01 -2.41028190e+00 -3.95995855e+00 -5.40253687e+00
 -5.24060297e+00  5.17292228e-02  6.82770660e+00  8.22997980e-03
  2.80219674e-02  1.88439069e+03  2.24368323e+03  4.29220774e+03
  1.45397574e-01  6.85995743e-02]",0
"[-3.19520813e+02  1.05122643e+02 -4.49037743e+01  1.46598568e+01
 -2.66895752e+01  9.14625263e+00 -1.95818615e+01  1.61294615e+00
 -6.09377265e-01  4.85598326e+00  2.22200823e+00  8.46906245e-01
 -1.00210791e+01  6.21524100e-02  2.40136490e+00  1.49208749e-03
  3.36261997e-02  3.08089391e+03  3.22731324e+03  7.74432194e+03
  3.87554581e-04  5.86853251e-02]",1
"[-3.55482758e+02  7.85953522e+01 -8.00600815e+01 -3.51719933e+01
 -3.32441444e+01 -2.93617058e+01 -1.76385612e+01  2.74745464e+00
  1.41321974e+01  2.06035972e+00  4.08766365e+00  6.02548242e-01
 -8.43565083e+00  8.56094713e-02  4.42003414e+00  7.44696682e-03
  4.63284854e-02  2.82109018e+03  2.35129108e+03  5.75956779e+03
  3.90670169e-03  6.14843257e-02]",0
"[-2.70699432e+02  1.12521461e+02 -4.90082855e+01  1.83714180e+01
 -1.27719145e+01  7.18910742e+00  7.32827425e-01 -2.68067989e+01
  5.27829599e+00  4.16835642e+00  3.19717264e+00  2.99704027e+00
 -1.10316019e+01  9.62072058e-02  2.75080437e+00  1.92692604e-03
  5.20518311e-02  3.04925135e+03  2.76589861e+03  7.15257360e+03
  2.58502347e-04  5.29283881e-02]",1
"[-3.87639404e+02  1.12270493e+02  1.21344318e+01 -1.14602194e+01
 -1.53795614e+01  3.60646009e-01 -1.88886130e+00 -9.60842800e+00
 -2.88422585e+00 -1.14077783e+00 -1.35630167e+00  7.18250370e+00
  5.22446156e+00  3.17841752e-02  2.56269903e+00  3.82405627e-03
  1.72056615e-02  2.28138068e+03  3.33739239e+03  6.68237670e+03
  8.14511732e-04  4.29156199e-02]",0
"[-2.63018372e+02  1.31766083e+02 -5.22362709e+01  1.88568726e+01
 -2.27469234e+01  5.42965937e+00 -7.69063807e+00 -3.10805321e+01
 -4.41043711e+00 -3.67474270e+00 -3.87531662e+00  9.77869555e-02
 -6.58059168e+00  7.16547092e-02  4.01411724e+00  3.82200829e-03
  3.87841224e-02  2.60415245e+03  2.60419693e+03  6.52157443e+03
  2.36847322e-04  7.91895911e-02]",1
"[-2.51562820e+02  1.62009201e+02  1.22262249e+01  7.32331216e-01
 -1.66640472e+01  3.53108239e+00 -1.04261577e+00 -4.63922882e+00
 -1.62034500e+00  8.40259254e-01  1.50298035e+00  3.26378077e-01
  1.94360495e+00  2.44170719e-02  1.67389218e+01  2.24198078e-02
  1.32098976e-02  1.22276493e+03  2.01064490e+03  2.69672679e+03
  2.13558615e-05  1.54549509e-01]",0
"[-3.06365753e+02  1.11527878e+02 -5.46430168e+01  9.54941368e+00
 -2.30629025e+01  1.81963336e+00 -4.78501415e+00 -2.55650368e+01
 -7.31982183e+00 -8.45774746e+00 -5.96736097e+00 -8.85466671e+00
 -7.71162271e+00  7.46686609e-02  3.13033173e+00  2.59532986e-03
  4.03927390e-02  2.67677059e+03  2.60418024e+03  6.53192630e+03
  3.46984656e-04  6.26202449e-02]",1
"[-2.27443741e+02  2.09849945e+02 -7.62351151e+01  3.19527187e+01
  1.23733139e+01 -2.82665825e+00 -2.28885403e+01  1.68783531e+01
  1.61277637e+01 -2.03537960e+01 -7.38217878e+00  1.14108896e+01
 -9.30793285e+00  9.72454618e-02  2.66364420e+00  2.42381820e-03
  5.26341432e-02  2.04134717e+03  1.81450575e+03  3.67574100e+03
  4.20879842e-05  8.06906745e-02]",0
"[-2.61106415e+02  5.44887619e+01 -7.02191162e+01  1.91317883e+01
 -2.22549629e+01  1.51241121e+01 -9.51440525e+00 -9.44701099e+00
 -1.63352222e+01  1.21491356e+01 -2.91993713e+00 -2.82894410e-02
 -5.10218525e+00  9.54819313e-02  1.35801163e+01  6.11364156e-03
  5.17023360e-02  3.59244691e+03  2.94902032e+03  7.65097269e+03
  3.56511362e-02  1.40777320e-01]",1
"[-1.79164810e+02  2.00671021e+02 -7.33877335e+01  3.01273994e+01
  2.51921582e+00  3.10171413e+00 -2.01171379e+01  4.01945877e+00
  2.10235825e+01 -1.15289221e+01 -8.59343052e+00  7.06822455e-01
 -1.63127708e+00  9.39817267e-02  5.82623983e+00  6.85690454e-03
  5.08727165e-02  2.06593972e+03  1.89443091e+03  3.71500840e+03
  6.07476941e-05  1.16627663e-01]",0
"[-3.80301544e+02  5.02223091e+01 -1.43761702e+01  1.35499477e+00
 -9.37853622e+00 -5.46953058e+00 -1.10174894e+01 -1.30912771e+01
 -1.13376627e+01  8.77540207e+00 -7.38757467e+00 -2.12613893e+00
  6.43268466e-01  2.90952427e-02  4.39416036e+00  2.93808814e-03
  1.57466730e-02  1.31677868e+03  1.52924793e+03  3.39288960e+03
  4.42846179e-01  5.70904724e-02]",1
"[-2.19062302e+02  1.65728607e+02 -3.83797684e+01  2.48112545e+01
  7.35895681e+00  2.76626015e+01  2.94720435e+00  3.09504604e+01
 -4.06034529e-01  7.81146383e+00  7.44204950e+00  8.69410610e+00
 -1.04328692e+00  2.66365322e-02  2.69662756e+00  5.01711112e-03
  1.44134160e-02  1.90619537e+03  2.78588471e+03  4.76957131e+03
  1.03345934e-04  8.23476389e-02]",0
"[-2.20533493e+02  8.94945450e+01 -8.42155533e+01  1.07844424e+00
 -5.08391113e+01  6.53104258e+00 -2.06240005e+01  2.10026836e+01
  5.08022547e+00  3.47193575e+00 -1.04369402e+01  1.01250896e+01
 -1.21884365e+01  9.25116164e-02  3.06972024e+00  2.67445487e-03
  5.00658356e-02  3.76555152e+03  3.37917037e+03  8.56278274e+03
  7.73361651e-04  8.01623389e-02]",1
"[-4.01928986e+02  3.37679749e+01 -4.06142006e+01  8.21589661e+00
 -2.09214687e+01  3.68265748e+00 -1.30369864e+01 -3.13990211e+00
 -7.30990267e+00 -3.15002394e+00 -6.32906437e+00 -4.45864582e+00
 -7.94035625e+00  4.35055211e-02  1.75158185e+01  8.35712718e-03
  2.35535662e-02  1.36521738e+03  1.16811813e+03  3.05196271e+03
  6.15574956e-01  1.32741645e-01]",0
"[-3.16651306e+02  8.30544510e+01 -6.83495255e+01  2.22678719e+01
 -1.88479328e+01  1.87950764e+01 -1.14181452e+01  5.37376451e+00
 -7.14760971e+00  4.33081150e+00  7.73746252e+00 -1.56340134e+00
  7.96068716e+00  7.80572877e-02  2.05030571e+00  1.88493384e-03
  4.22513776e-02  3.21379466e+03  3.09310941e+03  7.83450260e+03
  9.11651077e-05  5.62987588e-02]",1
"[-3.11719177e+02  1.62876266e+02 -2.68426056e+01 -1.12572956e+00
 -1.04662313e+01 -8.23386955e+00 -1.09419823e+01 -5.12037134e+00
 -8.68557739e+00 -7.95033216e+00 -1.28547978e+00 -5.71695328e+00
 -1.36022539e+01  3.86376465e-02  3.87547313e+00  2.72632813e-03
  2.09063975e-02  1.69979222e+03  2.40902072e+03  3.90547093e+03
  6.35342149e-05  7.71568939e-02]",0
"[-3.00870422e+02  1.10827980e+02 -2.55998631e+01  3.44272957e+01
 -7.89538670e+00 -7.19976711e+00 -9.78705311e+00  7.41803265e+00
 -1.63284645e+01  1.07813244e+01  3.83652115e+00 -5.51375866e+00
  1.83561668e+01  5.88465428e-02  2.19116200e+00  2.40282474e-03
  3.18406271e-02  2.75197067e+03  3.12489638e+03  7.11952726e+03
  1.51545290e-04  6.15504049e-02]",1
"[-1.72585083e+02  1.97872498e+02 -5.21404800e+01 -1.54062738e+01
  5.81150115e-01 -1.61803532e+01 -1.02551470e+01 -4.80149508e+00
 -1.69769347e+00 -1.26146307e+01 -2.63314438e+01 -2.24544315e+01
 -1.24806004e+01  5.17864022e-02  3.30191019e+01  2.75152101e-02
  2.80327877e-02  1.45277404e+03  1.29771476e+03  2.91499516e+03
  4.68053331e-05  2.87576437e-01]",0
"[-3.27758087e+02  1.40797470e+02  3.23324132e+00  1.94106617e+01
 -1.97898941e+01 -1.18298063e+01 -1.45428734e+01 -1.50547132e+01
 -2.68385201e+01 -6.43736410e+00  5.49621964e+00 -5.94288588e+00
  9.55424976e+00  3.19075621e-02  2.60599067e+00  2.68947401e-03
  1.72691194e-02  1.86036812e+03  2.77186021e+03  5.04210403e+03
  4.07256448e-05  6.80020973e-02]",1
"[-3.06022339e+02  1.48236465e+02 -9.24261475e+01  1.73253422e+01
 -8.09631062e+00 -1.62532635e+01  5.50429821e+00 -8.36593723e+00
 -1.95763359e+01 -1.40801277e+01 -6.22607660e+00  5.62280369e+00
  4.79882431e+00  8.44508378e-02  2.13027177e+00  8.57615714e-04
  4.56987369e-02  2.39158634e+03  1.90712540e+03  4.83451930e+03
  2.45787414e-05  5.74379265e-02]",0
"[-2.51441132e+02  1.20894203e+02 -5.81976700e+01  2.85734806e+01
 -2.30017872e+01  2.57827854e+00 -2.77411308e+01  2.54527658e-01
 -1.81855316e+01  1.10065184e+01 -1.41976583e+00 -4.36519194e+00
  1.91985397e+01  7.34543529e-02  3.51949107e+00  3.48549449e-03
  3.97421632e-02  2.87239346e+03  2.96901820e+03  7.03424052e+03
  1.32280262e-03  8.38544220e-02]",1
"[-3.58422302e+02  1.24177238e+02 -9.09420776e+01  1.14646425e+01
 -3.10374432e+01 -3.76969032e+01 -2.05796757e+01 -1.30508738e+01
  7.30632210e+00  2.04924393e+00 -1.86627045e+01 -2.82889671e+01
 -2.52587967e+01  1.02025953e-01  1.26050828e+00  6.13155513e-04
  5.52174014e-02  2.50843708e+03  1.89447893e+03  4.99087557e+03
  9.33336014e-06  4.96761091e-02]",0
"[-2.35250458e+02  1.20555161e+02 -2.74994011e+01  3.83842430e+01
 -1.91719131e+01 -2.03948174e+01 -1.46896439e+01  1.26672039e+01
 -2.86822338e+01  2.40361214e+00 -5.08413267e+00 -9.12718773e+00
  2.65636425e+01  5.51313920e-02  7.25371835e+00  5.62886150e-03
  2.98411479e-02  2.73374324e+03  3.11473003e+03  6.67731689e+03
  4.00703357e-05  1.25467688e-01]",1
"[-4.19743561e+02  4.54861259e+01 -3.17145176e+01 -2.14385014e+01
 -1.68818722e+01 -3.71761799e+00  4.05171537e+00 -2.56516099e+00
  3.16656709e+00  2.85344362e+00 -1.76462889e+00 -1.21966851e+00
 -1.40755260e+00  6.48187717e-02  4.10177152e+00  2.49771251e-03
  3.50712496e-02  2.26207714e+03  2.61638576e+03  5.67793074e+03
  6.81677717e-04  4.91968989e-02]",0
"[-3.01855194e+02  5.81887932e+01 -7.73509979e+01  5.33603489e-01
 -2.08035684e+00  2.13793716e+01 -1.32798262e+01  1.91674888e+00
 -7.47811651e+00  1.60420494e+01  1.28943253e+01 -5.28370559e-01
  7.03610325e+00  9.42480619e-02  4.60355038e+00  6.80441410e-03
  5.10161819e-02  3.50934921e+03  3.14925474e+03  8.26247916e+03
  3.17803322e-04  7.67380297e-02]",1
"[-3.26597534e+02  8.71673965e+01 -8.15849152e+01 -3.27331657e+01
 -2.18616810e+01 -8.00152874e+00  1.51471460e+00 -9.20823574e+00
  6.52942133e+00  2.00537753e+00 -1.94669895e+01 -9.05740833e+00
  6.60202360e+00  7.29638145e-02  8.33764867e+00  3.16069869e-03
  3.94804842e-02  2.18033566e+03  1.72134381e+03  4.12712538e+03
  1.26529412e-04  1.10483624e-01]",0
"[-3.47237396e+02  1.12423515e+02 -6.23281050e+00  2.40286713e+01
 -8.36959267e+00 -1.42445068e+01 -5.68343306e+00  2.08009505e+00
 -1.25806570e+01  7.52875757e+00  1.00125637e+01 -4.00045156e+00
  2.55955696e+01  4.55704088e-02  2.13145318e+00  2.47637419e-03
  2.46558553e-02  2.51731712e+03  3.17176066e+03  7.04436013e+03
  1.13508482e-04  4.93800752e-02]",1
"[-3.08306061e+02  5.52423592e+01 -8.71292572e+01 -2.90625038e+01
 -5.37083893e+01 -4.16407700e+01 -2.24887638e+01 -1.15595722e+01
  2.40146561e+01  3.39943924e+01  1.81120014e+01 -7.90128803e+00
 -4.79685211e+00  5.36387110e-02  4.49134773e+01  2.83401222e-02
  2.90278344e-02  1.85768222e+03  1.72590439e+03  4.16609417e+03
  2.06796835e-06  3.48694116e-01]",0
"[-2.67066376e+02  7.81176605e+01 -1.75503082e+01  4.55098038e+01
 -8.35260677e+00 -5.81477833e+00 -1.00230532e+01  1.07292194e+01
 -1.79235592e+01  3.89699817e+00 -1.66145229e+01 -3.77372718e+00
  3.08641577e+00  7.68550173e-02  1.35706045e+01  6.66872861e-03
  4.15830818e-02  3.70498335e+03  3.79263255e+03  9.37256721e+03
  3.55469319e-03  1.40989617e-01]",1
"[-3.38312225e+02  6.58645096e+01 -7.42806931e+01 -1.48993263e+01
 -1.05590229e+01 -2.79989185e+01 -1.50552483e+01 -2.47974129e+01
 -2.19000854e+01 -1.51744728e+01 -9.82351780e+00  2.26682496e+00
  4.44321632e+00  5.32316707e-02  1.68178808e+01  8.25398814e-03
  2.88068568e-02  2.00904691e+03  1.73814543e+03  4.31141106e+03
  1.96474284e-01  1.52123347e-01]",0
"[-3.10617859e+02  8.12305832e+01 -2.22030907e+01  4.20729141e+01
 -8.62439632e+00 -9.69541907e-01 -1.23052740e+01  9.08854294e+00
 -1.55731878e+01  7.95266485e+00 -1.52061100e+01 -1.31180394e+00
  3.81804037e+00  9.52186055e-02  4.11172124e+00  2.48567586e-03
  5.15185608e-02  3.99379482e+03  3.88721416e+03  9.78493302e+03
  5.34435874e-03  7.08650872e-02]",1
"[-2.18320602e+02  7.48421097e+01 -1.65781448e+02 -5.80250130e+01
 -6.77541428e+01 -5.26140938e+01 -8.07049751e+00  2.40405903e+01
  4.86855545e+01  1.63667336e+01 -1.25091994e+00 -3.37010455e+00
  3.86257505e+00  5.40224143e-02  6.32199724e+01  3.70703539e-02
  2.92492693e-02  2.09929058e+03  1.61213314e+03  3.95275288e+03
  1.84192904e-05  4.18857723e-01]",0
"[-2.58415527e+02  5.83792877e+01 -6.59610977e+01  5.87878942e+00
 -2.01892033e+01  3.38730502e+00 -1.60966740e+01  8.34982872e+00
 -8.15585709e+00 -1.39943104e+01 -1.01228380e+01 -6.18698359e+00
  4.68443966e+00  9.91203414e-02  5.43660748e+00  6.06367649e-03
  5.36476551e-02  3.80387075e+03  3.30832754e+03  8.92216161e+03
  9.43854684e-04  7.98663422e-02]",1
"[-2.35895050e+02  1.89933807e+02 -3.33436928e+01 -4.93831778e+00
  2.63143063e+01 -1.43165226e+01 -1.84265060e+01 -1.21395597e+01
 -1.54309053e+01 -5.79006195e+00  5.09645748e+00  7.92986929e-01
 -2.04025531e+00  2.82104680e-02  1.79128983e+01  6.22712950e-03
  1.52639669e-02  1.12763434e+03  1.25826042e+03  2.54196311e+03
  1.86529417e-06  2.03620240e-01]",0
"[-2.68198151e+02  6.16310616e+01 -6.46554031e+01  7.53647709e+00
 -1.66520634e+01 -6.34054720e-01 -1.24386759e+01  8.76656532e+00
 -5.05663443e+00 -9.84273243e+00 -6.03320646e+00 -5.81892681e+00
  3.68095088e+00  9.37364575e-02  5.36401476e+00  5.84055200e-03
  5.07340975e-02  3.60512213e+03  3.16723370e+03  8.43630420e+03
  8.79483530e-04  7.73475170e-02]",1
"[-4.37728577e+02  1.22223618e+02 -1.10329323e+01  3.25482903e+01
  1.63337917e+01  1.57895508e+01  3.06228733e+00  6.91404390e+00
  1.12456727e+00  2.70224118e+00  8.14566231e+00  9.22443676e+00
  4.61585665e+00  5.95981284e-02  4.05956750e-01  3.52343030e-04
  3.22568032e-02  2.63964448e+03  3.29326295e+03  7.54537362e+03
  2.66534073e-04  1.75843276e-02]",0
"[-2.68679443e+02  6.41359177e+01 -5.64231377e+01  6.16138077e+00
 -2.30974026e+01 -7.15603256e+00 -1.41856127e+01  1.20383596e+01
 -7.60610676e+00 -5.16183281e+00 -7.85038614e+00 -6.20030975e+00
  4.63217020e+00  8.98001132e-02  5.30937014e+00  6.11803958e-03
  4.86122931e-02  3.74231472e+03  3.37608021e+03  8.95907330e+03
  8.12520157e-04  7.64656514e-02]",1
"[-4.40465485e+02  1.26030327e+02 -1.84304428e+01  4.00966148e+01
  1.00662413e+01  2.31449146e+01  8.36968231e+00  6.25788260e+00
  1.13225973e+00  1.50801086e+00  7.69081640e+00  7.69093513e+00
  7.78608894e+00  4.58811466e-02  4.11553859e-01  3.91703188e-04
  2.48241240e-02  2.38387818e+03  3.13098669e+03  7.03073172e+03
  2.72044010e-04  1.94225740e-02]",0
"[-2.84782471e+02  6.33831024e+01 -4.18186913e+01  6.89297199e+00
 -2.48562050e+01 -9.71998501e+00 -1.43845367e+01  1.50387068e+01
 -7.81390333e+00 -5.22728777e+00 -8.14169407e+00 -6.28481293e+00
  1.96178830e+00  8.80275544e-02  5.25863388e+00  6.21702020e-03
  4.76566724e-02  3.87867562e+03  3.61026022e+03  9.38955488e+03
  1.00914948e-03  7.37953112e-02]",1
"[-3.89977142e+02  8.24250031e+01 -2.69749761e+00  4.49469261e+01
 -1.02818384e+01  3.99572105e+01  2.01876545e+00  2.21007977e+01
 -2.15030384e+00  1.61714115e+01 -9.01345730e+00  2.71186428e+01
  6.70552015e+00  9.48167067e-02  8.44682970e-02  1.03202733e-04
  5.13053626e-02  4.32808449e+03  4.77079680e+03  1.19293448e+04
  1.60056632e-03  1.35831190e-02]",0
"[-3.01867645e+02  6.95370941e+01 -3.39864235e+01  1.16931019e+01
 -2.17520218e+01 -1.08178291e+01 -1.75770340e+01  1.32800817e+01
 -1.10337744e+01 -1.48365736e+00 -8.94895267e+00 -1.00419807e+01
  2.73344326e+00  7.67135738e-02  3.21976351e+00  3.52234107e-03
  4.15418679e-02  3.77382364e+03  3.70541638e+03  9.51805734e+03
  8.80208681e-04  6.30950406e-02]",1
"[-7.09856079e+02  9.00060501e+01 -2.36029835e+01  1.93140430e+01
  1.16960964e+01  1.53392773e+01  1.02460032e+01  1.65074520e+01
 -1.67394325e-01  9.52113152e+00  9.78847790e+00 -1.15197401e+01
  3.19783926e-01  1.19061181e-02  7.15731732e-03  1.65716392e-05
  6.45301985e-03  9.67788396e+02  1.40837027e+03  2.66510985e+03
  4.64232504e-01  2.97402428e-03]",0
"[-3.07867462e+02  7.84159546e+01 -2.29406261e+01  4.00237961e+01
 -1.07188768e+01  9.37550426e-01 -1.21864519e+01  9.70861816e+00
 -1.63997440e+01  8.96048832e+00 -1.55982647e+01 -2.39503551e+00
  2.89784408e+00  1.10160463e-01  4.44769245e+00  2.63254036e-03
  5.96461970e-02  4.19835945e+03  3.94968861e+03  1.00456706e+04
  6.92657568e-03  7.42495283e-02]",1
"[-3.07356110e+02  9.66564331e+01  1.28511274e+00  3.76085320e+01
 -8.42901841e-02  2.02324905e+01  5.20489454e+00  1.31617479e+01
  4.30437374e+00  1.34327993e+01  4.00028896e+00  8.10501862e+00
 -5.30318141e-01  4.40317672e-02  7.44050291e-01  1.55113962e-03
  2.38310457e-02  3.73304359e+03  4.65482590e+03  1.11300966e+04
  1.24801975e-03  3.12618949e-02]",0
"[-3.02829651e+02  7.39412689e+01 -1.79193802e+01  3.25308495e+01
 -6.62692881e+00 -6.50991631e+00 -1.32943144e+01  8.50658703e+00
 -1.27591867e+01  6.78955269e+00 -1.02695217e+01 -5.25736952e+00
  4.62019300e+00  1.10058142e-01  6.35279518e+00  3.38561541e-03
  5.95759900e-02  4.12985305e+03  3.91140614e+03  1.00447250e+04
  6.91655325e-03  8.16255063e-02]",1
"[-2.78968781e+02  9.29826584e+01  3.51652622e+00  5.20340538e+01
 -9.22649384e+00  3.81773987e+01 -4.75136471e+00  2.04906063e+01
 -6.97509193e+00  1.65390034e+01  2.28221488e+00  6.82216311e+00
  9.23339748e+00  6.42319313e-02  1.58985772e+00  2.42577806e-03
  3.47670405e-02  4.01093111e+03  4.51150013e+03  1.13466875e+04
  2.29557918e-04  5.00515550e-02]",0
"[-3.00380066e+02  7.17508926e+01 -1.94660625e+01  3.15863686e+01
 -5.54888868e+00 -5.50426292e+00 -1.76423969e+01  9.25123692e+00
 -1.48894844e+01  7.18964338e+00 -1.16425362e+01 -8.75162125e+00
  7.57681799e+00  1.08756561e-01  6.50071248e+00  3.33406270e-03
  5.88425171e-02  4.18958606e+03  3.97706962e+03  1.05275797e+04
  6.93478622e-03  8.39951336e-02]",1
"[-2.39370621e+02  1.03551025e+02  6.74879646e+00  4.54403763e+01
  6.09395504e+00  3.38735466e+01  2.37403822e+00  1.64648361e+01
  1.75159276e+00  9.57289505e+00  2.04251409e+00  5.99151897e+00
  1.16649408e+01  3.88202403e-02  1.35003768e+01  1.63572670e-02
  2.10070549e-02  2.89666010e+03  3.87373934e+03  9.08648085e+03
  1.39442316e-04  1.30903393e-01]",0
"[-3.41161438e+02  5.46144600e+01 -2.12528458e+01  2.55818310e+01
 -7.73215771e+00 -1.13494215e+01 -1.47569151e+01  7.87375546e+00
 -1.40951433e+01  2.81238270e+00 -1.29399376e+01 -8.05878925e+00
  6.99761963e+00  1.02536053e-01  5.11378326e+00  2.49561207e-03
  5.54774139e-02  4.08662854e+03  3.85007275e+03  1.01835129e+04
  5.79515891e-03  6.60662279e-02]",1
"[-4.60455078e+02  1.25039968e+01  3.67788267e+00  7.99846077e+00
  3.43142056e+00  5.55190611e+00 -1.74671423e+00  4.56052208e+00
  1.53392363e+00  3.99870253e+00 -2.24780774e+00  1.71954858e+00
  6.37241080e-02  1.69596104e-02  4.12080044e+00  7.98272829e-03
  9.15902115e-03  8.75713151e+02  9.77319068e+02  2.28844489e+03
  8.06556106e-01  4.15209383e-02]",0
"[-3.25375580e+02  5.39230652e+01 -2.60088158e+01  2.44030685e+01
 -1.25545406e+01 -1.03012342e+01 -1.77440453e+01  9.27914143e+00
 -1.52809448e+01  1.28920650e+00 -1.72143993e+01 -1.01230307e+01
  6.69079924e+00  1.01971784e-01  5.14134679e+00  2.61174962e-03
  5.51478451e-02  4.13947506e+03  3.87681754e+03  1.03052966e+04
  4.25841659e-03  6.93150684e-02]",1
"[-3.67535217e+02  1.54440704e+02  3.04079037e+01  1.73012638e+01
 -9.37344968e-01  2.20315342e+01  7.50854683e+00  1.99568310e+01
  2.83057117e+00  1.64515667e+01  4.05165005e+00  1.17189531e+01
 -2.18244934e+00  1.08538589e-02  8.48525432e-01  2.25870549e-03
  5.88495911e-03  1.45390190e+03  3.28050459e+03  4.21730179e+03
  7.78448302e-05  4.49501611e-02]",0
"[-2.95147095e+02  5.71104546e+01 -4.28709984e+01  2.36953316e+01
 -1.15456800e+01 -5.07875109e+00 -2.15856628e+01  7.81398773e+00
 -1.64283295e+01 -2.01377606e+00 -1.65147285e+01 -1.13600340e+01
  9.85698414e+00  9.27914941e-02  5.97528115e+00  3.08322048e-03
  5.02253007e-02  3.87653011e+03  3.62112100e+03  9.67127819e+03
  1.89364341e-03  8.35345164e-02]",1
"[-4.40248840e+02  6.85833206e+01 -2.57278690e+01  4.17268715e+01
  6.13902330e+00  1.51330929e+01  7.97372341e+00  2.18656960e+01
  1.78441944e+01  1.05601063e+01  1.03921099e+01 -3.78817415e+00
  2.07540379e+01  1.04791687e-01  4.83443149e-01  8.26306093e-04
  5.66674341e-02  4.23356531e+03  3.85278773e+03  9.91222497e+03
  3.22202267e-03  2.08147075e-02]",0
"[-2.89828674e+02  5.81217499e+01 -5.01196442e+01  1.91099014e+01
 -9.39494228e+00  4.42375469e+00 -2.10903378e+01  3.07362247e+00
 -1.33979197e+01 -6.76025724e+00 -1.44237928e+01 -7.55591154e+00
  1.06967649e+01  9.56143466e-02  5.34052790e+00  2.87495567e-03
  5.17593260e-02  3.86509740e+03  3.52191041e+03  9.40295922e+03
  1.91003096e-03  7.48025775e-02]",1
"[-3.64361725e+02  1.27450951e+02 -1.00595274e+01  5.04329338e+01
 -1.52359610e+01  2.79341526e+01 -6.24253750e+00  1.31353569e+01
  3.22693872e+00  3.03833699e+00  9.98947906e+00 -3.52207851e+00
  7.96366787e+00  7.08812837e-02  6.76324756e-01  1.57348233e-03
  3.83496329e-02  3.15444823e+03  3.64349887e+03  9.24068049e+03
  2.14323605e-04  2.40352247e-02]",0
"[-2.63036835e+02  5.29854507e+01 -5.90602150e+01  1.06317139e+01
 -1.51535835e+01  4.51164150e+00 -1.87747345e+01  5.39891195e+00
 -9.90536499e+00 -1.15793934e+01 -1.19936275e+01 -4.66417313e+00
  7.49840212e+00  1.04415447e-01  7.30788409e+00  5.49889862e-03
  5.64973567e-02  3.92829062e+03  3.41039856e+03  9.14111016e+03
  1.98467844e-03  9.15517956e-02]",1
"[-2.97810791e+02  1.37972809e+02 -7.48360777e+00  3.46164093e+01
 -6.08258152e+00  1.03434267e+01 -4.44235516e+00  7.61955833e+00
  8.79060209e-01  7.42602539e+00  9.43696213e+00  1.30620256e-01
  6.79069710e+00  5.47040392e-02  5.45407470e+00  1.03285309e-02
  2.95904950e-02  2.59551628e+03  3.22453111e+03  7.82318344e+03
  1.03037724e-04  7.04248548e-02]",0
"[-2.45719330e+02  7.51845627e+01 -5.13403664e+01  1.35508547e+01
 -3.22052612e+01 -1.42030993e+01 -2.74635410e+01 -1.16001034e+01
 -1.32048206e+01 -5.73482370e+00 -1.41458731e+01 -2.05873966e+01
 -5.05114317e+00  5.94062982e-02  6.71274646e+00  5.40745805e-03
  3.21659725e-02  3.03590257e+03  3.12206137e+03  7.60088891e+03
  2.43188329e-02  1.20417826e-01]",1
"[-5.13823975e+02  2.45718632e+01 -8.51408839e-01  5.54383230e+00
  2.42402434e+00  6.85280943e+00  1.66918576e+00  4.11431789e+00
  2.36113572e+00  6.39348269e-01  1.49409306e+00  1.87684333e+00
  1.23275137e+00  6.98918269e-03  1.96878879e+00  3.31714036e-03
  3.77709713e-03  3.37124798e+02  5.08989285e+02  9.02854079e+02
  8.00681353e-01  2.84390878e-02]",0
"[-2.36672256e+02  7.98917465e+01 -5.44284096e+01  1.74701099e+01
 -3.04801064e+01 -1.99649563e+01 -3.51229591e+01 -1.30735140e+01
 -1.49300594e+01 -9.67973328e+00 -1.23652220e+01 -1.66404209e+01
  1.02785751e-01  5.48560285e-02  7.64669751e+00  6.55808889e-03
  2.96975787e-02  2.99303752e+03  3.12915759e+03  7.53501191e+03
  2.27274228e-04  1.30168304e-01]",1
"[-3.05421814e+02  1.25681877e+02  1.82536640e+01  1.71946659e+01
 -1.19167292e+00  1.32667208e+01 -4.84166956e+00  1.83155823e+01
 -3.26135278e+00  1.27029915e+01 -7.17606449e+00  8.22671604e+00
 -5.93518257e+00  5.10632680e-02  9.26331158e-01  7.73453207e-04
  2.76185695e-02  3.33070728e+03  4.68582128e+03  1.16321305e+04
  8.76125938e-04  3.21722701e-02]",0
"[-2.40361603e+02  7.17618408e+01 -8.56139221e+01  1.77468548e+01
 -2.96916275e+01 -1.22575493e+01 -1.83602238e+01 -9.44544125e+00
 -1.67843151e+01 -1.93375969e+01 -1.02483625e+01 -9.52813435e+00
  2.17356467e+00  8.28979680e-02  1.12579254e+01  9.71846961e-03
  4.48778088e-02  2.93830101e+03  2.55899534e+03  6.16893090e+03
  1.75734138e-04  1.60032660e-01]",1
"[-2.87312256e+02  1.96950607e+02 -2.34819679e+01  3.56106224e+01
 -2.83502126e+00  2.58635464e+01 -8.55002213e+00  1.33664198e+01
  1.33831871e+00  6.87694836e+00  3.57439041e+00  7.00913143e+00
  1.81891048e+00  2.64529565e-02  7.97022423e-01  1.38690760e-03
  1.43210823e-02  1.39328177e+03  2.28068700e+03  3.59020541e+03
  2.96375256e-05  4.60888669e-02]",0
"[-2.48888870e+02  7.49254608e+01 -8.21171494e+01  1.11214237e+01
 -2.30047894e+01 -8.71152687e+00 -2.00888329e+01 -8.99728203e+00
 -1.92255478e+01 -1.86849155e+01 -9.50338745e+00 -8.44875622e+00
  4.60857058e+00  8.33809828e-02  9.37922360e+00  8.04219866e-03
  4.51367487e-02  2.92649455e+03  2.59827410e+03  6.05466226e+03
  2.43487637e-04  1.39326259e-01]",1
"[-2.39595795e+02  1.66802719e+02 -6.32302856e+01  7.67929993e+01
 -2.50450745e+01  2.47241154e+01  9.89389229e+00  1.56744707e+00
  1.64514713e+01 -7.81345510e+00  8.65949440e+00  3.67338109e+00
  1.47580373e+00  6.64649340e-02  6.57914460e-01  9.49424831e-04
  3.59650922e-02  2.72909497e+03  2.85986727e+03  7.08822283e+03
  9.05210982e-05  4.21466157e-02]",0
"[-2.80884796e+02  7.96560898e+01 -6.35461349e+01  6.08597136e+00
 -1.81788406e+01 -1.06244535e+01 -2.09107494e+01 -8.02528095e+00
 -1.73864746e+01 -1.45865269e+01 -7.54661226e+00 -8.32622814e+00
  6.12804294e-02  8.14519333e-02  7.40063781e+00  7.16126214e-03
  4.40841323e-02  3.05472445e+03  2.92839928e+03  6.86237304e+03
  2.69593881e-03  1.07119203e-01]",1
"[-5.11432648e+02  2.54643383e+01 -2.50623627e+01  1.10979700e+01
  1.13434343e+01 -5.51534986e+00 -1.26841602e+01  3.56265473e+00
 -6.43993902e+00 -1.34390402e+01 -3.74727941e+00  2.87114048e+00
 -1.36567955e+01  9.47498677e-02  4.32268933e+00  6.65586986e-04
  5.12622949e-02  2.35949501e+03  1.99321235e+03  4.60696167e+03
  2.82559633e-01  4.30361070e-02]",0
"[-3.05695831e+02  8.32849655e+01 -4.97442398e+01  5.66450548e+00
 -1.59207363e+01 -1.23122597e+01 -1.87941990e+01 -9.75078487e+00
 -1.46837368e+01 -1.12508698e+01 -7.76786184e+00 -8.67566109e+00
 -3.03486562e+00  7.83868211e-02  6.19266617e+00  6.05343616e-03
  4.24448414e-02  3.10317534e+03  3.14887119e+03  7.38033118e+03
  3.61749949e-03  8.68596733e-02]",1
"[-4.69697601e+02  1.33097858e+01 -8.64088953e-01  7.57244825e+00
 -1.63849652e+00  9.11862659e+00 -2.92684531e+00  6.51871204e+00
 -2.21241459e-01  3.61272168e+00  3.04959327e-01  2.32925820e+00
 -4.02936637e-01  4.16957579e-02  2.67523683e+00  2.92571144e-03
  2.25917993e-02  1.50714815e+03  1.27822439e+03  3.39335411e+03
  7.57679641e-01  2.82520130e-02]",0
"[-2.87211426e+02  8.75612335e+01 -4.86322250e+01  9.39628983e+00
 -1.82590199e+01 -1.31593561e+01 -1.60939770e+01 -6.64976263e+00
 -1.74899807e+01 -1.03742971e+01 -1.32606106e+01 -8.78683281e+00
 -4.10040569e+00  7.62501204e-02  9.50946914e+00  7.43430014e-03
  4.12586870e-02  3.11447349e+03  3.20290308e+03  7.42810901e+03
  3.61753069e-03  1.11611791e-01]",1
"[-6.12298096e+02  3.20648164e-01 -5.86462688e+00  3.93696451e+00
 -3.81148219e+00  5.20406866e+00 -2.43329310e+00  3.80936551e+00
 -1.04555321e+00  3.04091620e+00 -1.54988623e+00  1.56933820e+00
 -4.23513234e-01  4.96027695e-02  1.28062732e+00  1.71314828e-03
  2.68005329e-02  1.24444311e+03  7.45525632e+02  2.29211927e+03
  8.45381320e-01  1.33711593e-02]",0
"[-2.97458862e+02  9.19318390e+01 -3.08330650e+01  2.15286613e+00
 -1.64530602e+01 -2.24439621e+01 -1.63446522e+01 -6.43193531e+00
 -1.57811737e+01 -8.81020260e+00 -1.28552828e+01 -1.02436943e+01
 -6.18632364e+00  6.64468774e-02  9.02646981e+00  7.53889868e-03
  3.59662440e-02  2.94701924e+03  3.24366098e+03  7.27870375e+03
  3.66921886e-03  9.61087123e-02]",1
"[-5.58008240e+02  1.63479710e+00 -7.01022768e+00  3.62957263e+00
 -5.42313957e+00  5.76074648e+00 -3.52801704e+00  4.06651640e+00
 -2.23879433e+00  1.92761290e+00 -2.03425765e+00  1.76945472e+00
 -1.90856934e+00  6.07121394e-02  1.62741096e+00  2.13403701e-03
  3.28317495e-02  1.34934587e+03  7.65255781e+02  2.35988999e+03
  8.39796066e-01  1.71482824e-02]",0
"[-2.91932465e+02  8.09941635e+01 -3.49630432e+01  6.98572540e+00
 -2.30074654e+01 -2.29996014e+01 -1.18736248e+01 -3.85499644e+00
 -1.75440407e+01 -7.92301512e+00 -1.81435242e+01 -7.63891983e+00
 -9.29290712e-01  7.09489961e-02  1.26094229e+01  1.06284249e-02
  3.83890690e-02  3.09872629e+03  3.28944144e+03  7.56751079e+03
  3.55859613e-03  1.24374390e-01]",1
"[-5.49292419e+02  6.69806814e+00 -7.15562057e+00  4.95828915e+00
 -4.39785385e+00  7.36564445e+00 -3.50389671e+00  5.69103050e+00
 -8.58614862e-01  3.45512867e+00 -7.26492643e-01  2.53477812e+00
 -1.27567601e+00  6.70367746e-02  2.31187866e+00  2.24654069e-03
  3.62872985e-02  1.88232376e+03  1.37889962e+03  3.89428227e+03
  7.13531852e-01  2.08228603e-02]",0
"[-2.69790924e+02  8.05545425e+01 -4.55912743e+01  9.00717258e+00
 -2.65405197e+01 -2.70662937e+01 -1.22250576e+01 -3.86290097e+00
 -2.05713024e+01 -6.27070475e+00 -2.19222717e+01 -7.62490606e+00
  2.11319017e+00  6.13985458e-02  1.37211657e+01  1.09213781e-02
  3.32418169e-02  2.86659504e+03  3.03228428e+03  6.63615828e+03
  1.14103360e-03  1.47158846e-01]",1
"[-6.09855347e+02  6.38132381e+00 -4.62243509e+00  3.78179598e+00
 -5.18468332e+00  6.06993675e+00 -4.06212282e+00  2.97433519e+00
 -1.34635925e+00  1.04984272e+00 -1.74479222e+00  1.58850527e+00
 -1.73342288e+00  6.01333959e-02  8.85005202e-01  1.52323024e-03
  3.25094220e-02  1.29556807e+03  7.75903765e+02  2.33929491e+03
  8.28701079e-01  1.07413009e-02]",0
"[-2.49843277e+02  8.15968475e+01 -5.71326294e+01  1.04647589e+01
 -2.77968712e+01 -3.09468269e+01 -1.23742847e+01 -3.80123973e+00
 -2.34200401e+01 -5.55279875e+00 -2.41654491e+01 -9.50942135e+00
  2.39927483e+00  5.98050486e-02  1.64269933e+01  1.21404728e-02
  3.23752929e-02  2.74264154e+03  2.80827716e+03  5.99628372e+03
  2.10867729e-04  1.74328297e-01]",1
"[-7.29505066e+02 -4.78314257e+00 -5.90118599e+00  4.39844275e+00
  4.07777540e-02  2.33652067e+00 -2.56799483e+00  2.57578373e+00
 -8.84984910e-01  6.27943695e-01  8.11630338e-02  1.15977740e+00
 -3.82888764e-01  5.39077524e-02  9.85041380e-02  1.96249987e-04
  2.92010809e-02  1.19524034e+03  6.65608351e+02  2.05280995e+03
  8.61137807e-01  2.45265476e-03]",0
"[-2.44055756e+02  8.39198990e+01 -6.91249084e+01  6.25976610e+00
 -2.91641808e+01 -2.65957851e+01 -1.10007229e+01 -7.05035877e+00
 -2.25087509e+01 -6.32930756e+00 -2.30680447e+01 -5.24641323e+00
  3.50148797e+00  6.43237192e-02  1.32936847e+01  1.03658704e-02
  3.48038705e-02  2.77313364e+03  2.72029908e+03  5.96157843e+03
  1.75413108e-04  1.59283295e-01]",1
"[-5.67147705e+02 -1.24873734e+00 -4.49439049e+00  9.92526889e-01
  2.89747268e-01  6.68725669e-01 -2.22073770e+00  2.86395371e-01
  3.60187739e-01  2.35869825e-01 -8.85640979e-01  4.94777709e-02
 -2.78834343e-01  5.59429730e-02  2.60316642e-01  7.31314014e-04
  3.03088690e-02  1.49027617e+03  9.55275064e+02  2.87739292e+03
  8.03881049e-01  3.00221448e-03]",0
"[-2.49002762e+02  9.14617691e+01 -4.92622337e+01  1.31512709e+01
 -2.67350006e+01 -2.41526012e+01 -3.90788879e+01 -1.55420485e+01
 -1.57424097e+01 -7.06378365e+00 -6.26350117e+00 -1.89055023e+01
 -2.01560831e+00  4.64461551e-02  6.67176958e+00  6.06063287e-03
  2.51441552e-02  2.72677899e+03  3.02771545e+03  7.04621815e+03
  2.26529286e-04  1.18537918e-01]",1
"[-6.35321472e+02 -2.43524146e+00 -6.37280178e+00  1.83052158e+00
 -4.74073976e-01  1.68221962e+00 -2.75920153e+00  4.09123778e-01
 -3.29187699e-02  9.45070565e-01 -5.21203876e-01  5.89547567e-02
 -1.04079843e+00  4.66374375e-02  1.95044237e-01  3.46093589e-04
  2.52642734e-02  1.09863827e+03  6.76265398e+02  2.06601055e+03
  8.56871843e-01  3.19059077e-03]",0
"[-2.36584213e+02  8.75011139e+01 -7.20524521e+01  2.76114273e+00
 -2.81813145e+01 -2.42209320e+01 -1.22698259e+01 -8.72183132e+00
 -2.24624596e+01 -5.25824547e+00 -2.12174339e+01 -5.67084455e+00
  2.19161463e+00  6.45283609e-02  1.17346464e+01  9.93501332e-03
  3.49267900e-02  2.76837155e+03  2.72136370e+03  5.97899744e+03
  1.97594723e-04  1.52083978e-01]",1
"[-3.36966553e+02  1.65840927e+02 -3.91990967e+01  3.33661652e+01
 -2.15006828e+01  2.14332390e+01 -1.09562807e+01  7.39115191e+00
 -1.17086802e+01  8.66627026e+00 -9.57710552e+00  2.22164106e+00
 -1.16343880e+01  5.52819946e-02  7.54577902e-02  7.94597847e-05
  2.99164834e-02  2.42400245e+03  3.03953813e+03  6.51201468e+03
  8.07359058e-04  1.40671460e-02]",0
"[-2.38338196e+02  9.56103897e+01 -7.02000885e+01  2.95261002e+00
 -2.72717495e+01 -2.85017319e+01 -1.89067345e+01 -8.82806492e+00
 -2.06192856e+01 -5.18573284e+00 -1.79542904e+01 -7.41586256e+00
 -1.44278646e+00  5.97553929e-02  9.26055960e+00  7.60918946e-03
  3.23345752e-02  2.66013985e+03  2.70175727e+03  5.86252238e+03
  1.87768237e-04  1.36709586e-01]",1
"[-2.31674088e+02  2.04929077e+02 -2.68560524e+01 -2.68183594e+01
  1.61446018e+01 -2.00547314e+00 -8.94278622e+00 -2.65033484e+00
 -1.19189501e+01 -1.29617109e+01 -4.61802626e+00 -3.06780362e+00
  1.26214695e+00  3.06691785e-02  2.07397142e+01  1.88016990e-02
  1.66023598e-02  1.16469370e+03  1.45007617e+03  2.31543315e+03
  8.34049206e-06  2.11834878e-01]",0
"[-2.36522552e+02  1.01389366e+02 -6.95270233e+01  2.05024338e+00
 -2.52712078e+01 -2.96154881e+01 -2.34287796e+01 -1.02100401e+01
 -2.10590725e+01 -4.17104864e+00 -1.55561962e+01 -8.66154766e+00
 -1.84234178e+00  5.91851045e-02  9.20991626e+00  8.53740157e-03
  3.20288507e-02  2.60726134e+03  2.70153395e+03  5.82466509e+03
  2.32416540e-04  1.34405345e-01]",1
"[-2.57478363e+02  2.06872513e+02 -4.40601273e+01  1.93988953e+01
  6.62783527e+00  1.33286734e+01  1.47994061e+01  3.16945744e+00
  1.22647371e+01  4.67885399e+00 -1.09349775e+00  1.17141545e+00
  6.13238633e-01  3.74358990e-02  1.91121916e+00  2.16812895e-03
  2.02539213e-02  1.40402818e+03  1.80673053e+03  3.19230566e+03
  3.54332333e-05  7.01838732e-02]",0
"[-2.27940323e+02  9.37681961e+01 -7.42068253e+01  4.40773535e+00
 -2.64606457e+01 -2.58076515e+01 -2.53054905e+01 -5.41518688e+00
 -1.93705540e+01 -5.81425142e+00 -1.79580421e+01 -8.97976875e+00
  2.41548970e-01  6.84346109e-02  8.63229282e+00  8.27740709e-03
  3.70357341e-02  2.75579755e+03  2.74004879e+03  6.01652294e+03
  2.12803046e-04  1.38036162e-01]",1
"[-1.62673599e+02  1.76154510e+02 -6.90553665e+01  2.19192638e+01
 -6.26117945e+00  6.38108730e+00  6.52628613e+00 -5.21099901e+00
  5.74263000e+00 -2.50457811e+00 -1.01722631e+01 -6.52806664e+00
 -3.96676689e-01  6.34269068e-02  1.53823581e+01  8.38213469e-03
  3.43416088e-02  1.96869166e+03  1.90314184e+03  4.24739943e+03
  9.57455268e-05  1.81777716e-01]",0
"[-2.41939529e+02  1.08568245e+02 -5.89570236e+01  4.54243422e+00
 -2.32605629e+01 -2.79704628e+01 -3.37696304e+01 -6.85594320e+00
 -2.22887135e+01 -3.78677654e+00 -1.35695152e+01 -1.40907040e+01
 -3.74861264e+00  5.83078534e-02  8.03953734e+00  8.38116994e-03
  3.15487706e-02  2.45510169e+03  2.67932093e+03  5.44904507e+03
  1.95916495e-04  1.33228853e-01]",1
"[-2.26438156e+02  2.35872986e+02 -6.81198740e+00 -9.51677799e+00
  3.04610424e+01 -2.50405908e+00 -5.65355253e+00  7.27423048e+00
 -4.37507248e+00 -3.45390773e+00  5.67471266e+00  1.94215298e+00
  1.14719498e+00  3.03350361e-02  2.46557577e+01  1.51636720e-02
  1.64096567e-02  8.63557539e+02  9.27269535e+02  1.91150244e+03
  3.32542299e-07  2.54844129e-01]",0
"[-2.28292023e+02  1.08624329e+02 -5.64280739e+01 -7.07050800e-01
 -1.86273842e+01 -2.99926434e+01 -3.42819252e+01 -9.58857250e+00
 -2.11963272e+01 -5.98539019e+00 -1.09896545e+01 -1.58049278e+01
 -4.80977726e+00  5.56700814e-02  1.55533029e+01  1.48278625e-02
  3.01151325e-02  2.27885379e+03  2.49380036e+03  4.88732376e+03
  1.27683961e-04  1.86429843e-01]",1
"[-1.33527603e+02  1.38730713e+02 -4.15857735e+01  9.35910225e+00
 -2.10780668e+00 -1.45294118e+00 -1.11442909e+01 -5.38977146e+00
 -9.16929054e+00 -1.23616886e+01 -1.55316257e+01 -9.71716404e+00
 -7.66524506e+00  2.47089874e-02  1.38329574e+02  1.53638110e-02
  1.33632030e-02  1.52657255e+03  2.23673828e+03  3.16433572e+03
  2.66275256e-05  6.21420085e-01]",0
"[-2.12856232e+02  9.86353989e+01 -5.63851967e+01  1.80329132e+01
 -3.17171268e+01 -2.62871132e+01 -4.37182045e+01 -1.53823929e+01
 -1.55657740e+01 -9.47628975e+00 -5.99693871e+00 -1.65515327e+01
 -3.25386196e-01  4.66658441e-02  1.20938626e+01  1.00371870e-02
  2.52459749e-02  2.70938205e+03  2.96871590e+03  6.86579048e+03
  1.84577613e-04  1.64909676e-01]",1
"[-2.12248962e+02  1.87573807e+02 -5.87647972e+01  1.98920078e+01
  9.79713535e+00 -2.92026043e+01 -4.38321114e+00 -1.63648415e+01
 -1.83949146e+01 -1.36680532e+00  7.04493189e+00  9.90364933e+00
 -2.51181388e+00  3.87781081e-02  1.71416952e+01  7.56393424e-03
  2.09846004e-02  1.50933393e+03  1.65800260e+03  3.70115615e+03
  2.67834603e-05  1.99922457e-01]",0
"[-2.20651901e+02  1.08329681e+02 -5.70650291e+01  1.59626312e+01
 -2.79980373e+01 -2.76948910e+01 -4.06849823e+01 -1.64596519e+01
 -1.25225449e+01 -1.25510235e+01 -4.08086491e+00 -1.70788364e+01
 -3.90710735e+00  4.43410535e-02  1.08105993e+01  1.03694766e-02
  2.40144569e-02  2.45984146e+03  2.76760708e+03  6.10945746e+03
  1.54980095e-04  1.54405370e-01]",1
"[-2.86822754e+02  8.06315231e+01 -4.79287453e+01 -1.86530762e+01
 -1.63420582e+01 -1.47130737e+01 -2.12312508e+00  1.23062859e+01
  1.29061213e+01  4.90490007e+00  2.95822287e+00  5.84094477e+00
  6.55737305e+00  5.14087177e-02  7.99743954e+01  3.84093177e-02
  2.78344603e-02  1.77933434e+03  1.61299751e+03  3.32211869e+03
  1.19208189e-05  4.51297462e-01]",0
"[-2.27265076e+02  1.11137016e+02 -5.58553429e+01  1.18281908e+01
 -2.82212372e+01 -2.49237690e+01 -3.59312744e+01 -1.52421780e+01
 -1.01283808e+01 -1.11355381e+01 -6.47481537e+00 -1.80226841e+01
 -3.99235344e+00  4.59571215e-02  9.91244106e+00  8.94472171e-03
  2.48914453e-02  2.44245092e+03  2.73748617e+03  6.01179493e+03
  2.41060945e-04  1.43322945e-01]",1
"[-3.89692566e+02  3.71017418e+01 -2.63332310e+01 -1.13809710e+01
 -8.58370590e+00 -1.96734905e+00  5.78098488e+00  1.25599613e+01
  6.64942026e+00 -2.39507604e+00 -4.50892687e+00  4.02643561e-01
  5.42780972e+00  3.17634272e-02  3.47547846e+01  1.65209747e-02
  1.71862792e-02  1.02281853e+03  8.36566802e+02  1.82732649e+03
  5.16123056e-01  2.03611434e-01]",0
"[-2.26763077e+02  1.12319214e+02 -5.64771347e+01  8.97012615e+00
 -2.88994637e+01 -2.39872360e+01 -2.78698406e+01 -1.47777357e+01
 -7.13562393e+00 -1.04314756e+01 -7.62210894e+00 -2.15636654e+01
 -1.06189709e+01  4.80652326e-02  1.16149790e+01  1.09172389e-02
  2.60242302e-02  2.36439388e+03  2.63081128e+03  5.74576531e+03
  2.33925093e-04  1.53060049e-01]",1
"[-2.55152771e+02  1.64485870e+02 -4.92956686e+00  2.52516556e+01
 -1.65091419e+00  1.00636616e+01  3.21748590e+00  3.49859571e+00
  1.97721982e+00 -1.60920584e+00  1.77775192e+00 -9.58992422e-01
  2.67448950e+00  4.24902194e-02  3.48860326e+00  5.02362608e-03
  2.29931911e-02  1.96961644e+03  2.71090561e+03  5.34071399e+03
  4.97051224e-04  6.47984371e-02]",0
"[-2.20010590e+02  1.02492233e+02 -6.59456100e+01  1.39125738e+01
 -3.01057148e+01 -1.97607346e+01 -2.31248760e+01 -1.41434479e+01
 -8.14752007e+00 -1.48633223e+01 -9.83644962e+00 -1.93052807e+01
 -5.89773750e+00  6.12781683e-02  1.32995714e+01  1.04179776e-02
  3.31520813e-02  2.57659988e+03  2.59628133e+03  5.96396733e+03
  2.45530071e-04  1.69262379e-01]",1
"[-3.78265778e+02  1.78587311e+02  9.50484695e+01  2.12950039e+01
 -7.90403223e+00  2.65803009e-01  1.58150043e+01  1.78894978e+01
  8.71599483e+00  1.25945532e+00  9.68760014e-01  3.42700386e+00
  3.96873331e+00  8.00631010e-03  3.15186616e+00  7.46709439e-03
  4.33095349e-03  4.07806887e+02  1.02308526e+03  8.41732910e+02
  1.00970537e-05  7.04237148e-02]",0
"[-2.27920029e+02  9.75120163e+01 -6.63163376e+01  1.21023407e+01
 -2.66086063e+01 -1.43285151e+01 -1.94470882e+01 -1.24578409e+01
 -1.22584295e+01 -1.66123619e+01 -1.02821159e+01 -1.76725330e+01
 -4.65197659e+00  6.72218076e-02  1.39611940e+01  1.09473650e-02
  3.63808023e-02  2.59375605e+03  2.53823002e+03  5.80276691e+03
  2.13589432e-04  1.70769483e-01]",1
"[-3.07698608e+02  1.72088257e+02  4.57639694e+01 -1.29588060e+01
 -1.41313541e+00  1.49762259e+01  5.78393888e+00 -6.56474686e+00
 -3.46572304e+00  3.33629274e+00  1.64623117e+00 -3.16424561e+00
 -3.20568514e+00  2.64678486e-02  1.05696950e+01  1.91381246e-02
  1.43304666e-02  1.32672607e+03  2.33344735e+03  3.08035784e+03
  2.28483419e-04  8.55785385e-02]",0
"[-2.60058594e+02  8.95698624e+01 -6.93896561e+01  1.11189184e+01
 -2.72943096e+01 -1.52728872e+01 -1.86774940e+01 -1.24708529e+01
 -1.43026915e+01 -1.53309021e+01 -9.66199684e+00 -1.34188528e+01
 -2.10911846e+00  7.17780961e-02  9.10445267e+00  8.40564605e-03
  3.88620451e-02  2.68465808e+03  2.55510526e+03  5.87926121e+03
  2.68576347e-04  1.32631406e-01]",1
"[-3.52464539e+02  1.62044632e+02  6.74336548e+01  1.10945635e+01
  5.42567348e+00  1.30762405e+01  1.01068497e+01  2.57775688e+00
  5.07699370e-01  1.85509109e+00  1.60163069e+00 -5.39561212e-01
 -2.29512453e+00  1.73847611e-02  8.45799167e+00  1.84005254e-02
  9.41325041e-03  1.29127815e+03  2.69328220e+03  4.14290235e+03
  1.13345850e-04  8.79884735e-02]",0
"[-1.71418015e+02  1.81444931e+02 -1.03069239e+01  4.53828316e+01
 -1.48584452e+01  3.60874367e+00 -1.39358492e+01 -7.00600028e-01
 -6.86864567e+00 -2.02289033e+00 -1.94079113e+01  6.58123589e+00
 -6.61530352e+00  4.64973156e-02  1.11832720e+01  1.10650435e-02
  2.51716698e-02  1.78007093e+03  2.49588095e+03  4.83430364e+03
  5.23926719e-05  1.72364339e-01]",1
"[-4.23012360e+02  1.12444450e+02  2.51586094e+01  3.98862610e+01
  2.03266640e+01  1.75254688e+01  4.66084290e+00  1.51948481e+01
  1.28165388e+01  1.15005493e+01 -1.71670139e-01  7.21799564e+00
  7.29721498e+00  8.74177316e-03  1.27391382e+00  4.17944446e-03
  4.73306246e-03  1.30133447e+03  2.66334151e+03  4.25546410e+03
  9.29513335e-05  4.71442379e-02]",0
"[-1.89585480e+02  1.76279938e+02 -4.19973946e+00  3.60937424e+01
 -9.65366840e+00  9.16546956e-03 -1.30387802e+01 -4.17522287e+00
 -3.91123366e+00  5.67634344e-01 -1.64688473e+01  7.30966711e+00
 -7.86548376e+00  4.37767840e-02  9.03814002e+00  7.31556248e-03
  2.37031019e-02  1.78871993e+03  2.48108546e+03  4.75092469e+03
  5.05862154e-05  1.48721457e-01]",1
"[-2.86674591e+02  1.16157776e+02  2.23551788e+01  5.75375175e+01
 -9.34821606e+00  2.25156116e+01 -3.99576855e+00  1.74424686e+01
 -1.83338623e+01  1.28792562e+01  3.46193171e+00  1.21636143e+01
 -1.33286009e+01  5.30428424e-02  1.16756830e+00  2.66957124e-03
  2.87007389e-02  3.34210365e+03  4.42773909e+03  1.06620876e+04
  7.81972252e-04  4.60989103e-02]",0
"[-1.97424667e+02  1.40903671e+02 -1.71774158e+01  3.61761627e+01
 -3.15096307e+00 -7.83894968e+00 -1.07990589e+01  5.35513067e+00
 -1.16869526e+01  6.52100420e+00 -1.58863859e+01  1.44153490e+01
 -1.17466784e+01  4.43199875e-02  1.27675005e+01  5.41621590e-03
  2.39871336e-02  2.39366576e+03  2.90816041e+03  5.88639471e+03
  5.56296436e-05  1.63474753e-01]",1
"[-3.63254395e+02  1.08100128e+02  2.95391464e+01  4.62109566e+01
  1.63624537e+00  2.89525566e+01 -5.60738564e-01  1.54876175e+01
 -1.25263033e+01  1.60655327e+01 -3.58178258e-01  1.10536222e+01
 -6.79762602e+00  3.91164620e-02  4.62674791e-01  5.50095549e-04
  2.11713422e-02  3.48177653e+03  4.95985340e+03  1.21675818e+04
  8.05544900e-04  2.65393555e-02]",0
"[-2.02669647e+02  1.45383423e+02 -9.74371719e+00  4.09917679e+01
 -3.33351493e-01 -1.58695803e+01 -6.70163393e+00  5.22939324e-01
 -1.60676861e+01  1.14084949e+01 -1.31248322e+01  1.14970980e+01
 -8.74988556e+00  4.07899172e-02  1.43152834e+01  6.29554714e-03
  2.20805107e-02  2.22614840e+03  2.74810177e+03  5.33550636e+03
  4.28945423e-05  1.72901317e-01]",1
"[-4.98377625e+02  1.23130424e+02  1.19434319e+01  4.02473793e+01
 -1.25496988e+01  1.96657429e+01 -4.04178762e+00  2.19356194e+01
  3.99981165e+00  1.63732967e+01 -7.41443110e+00  9.83430386e+00
 -1.15297737e+01  3.39906754e-02  1.08670238e-02  2.04714767e-05
  1.83969359e-02  2.93039777e+03  4.37046667e+03  1.00949376e+04
  8.50194076e-04  4.98973811e-03]",0
"[-2.19612457e+02  1.45420059e+02 -8.56829166e+00  3.97009125e+01
  1.66352236e+00 -1.26090422e+01 -5.39170170e+00 -8.28550756e-01
 -1.68981476e+01  1.04973316e+01 -1.42741690e+01  1.03048372e+01
 -5.25914049e+00  4.04182516e-02  1.18363825e+01  5.60883603e-03
  2.18622446e-02  2.15165099e+03  2.67804951e+03  5.11166390e+03
  5.63705289e-05  1.52899995e-01]",1
"[-3.15104706e+02  1.56944748e+02 -4.26288605e+01  2.48154316e+01
  2.14171658e+01  1.74272137e+01 -6.62769413e+00  1.59276266e+01
  5.91678381e+00  1.21780109e+01 -7.41588593e+00  5.80888987e+00
 -9.14571166e-01  9.41713213e-02  9.81341809e-01  1.46981242e-03
  5.09502433e-02  2.56433109e+03  2.57211409e+03  4.70152108e+03
  9.28342197e-05  3.97887044e-02]",0
"[-2.35134720e+02  1.49890701e+02 -1.59190965e+00  3.68940430e+01
  3.62756014e+00 -9.93877983e+00 -3.81427646e+00 -7.34594166e-01
 -1.67278271e+01  7.15845394e+00 -1.17198305e+01  6.42285442e+00
 -4.69414043e+00  3.76435502e-02  1.05519923e+01  5.55483793e-03
  2.03730824e-02  1.93420066e+03  2.47959248e+03  4.48735032e+03
  4.96352040e-05  1.39740109e-01]",1
"[-7.66741333e+02  2.79911518e+01 -2.05786152e+01  1.81656666e+01
 -5.30298185e+00  3.71964240e+00  6.43683970e-01  1.58205497e+00
 -6.09735213e-02  1.49489820e-01  1.30043089e+00 -1.72250673e-01
  1.82639942e-01  4.77929687e-02  1.55646149e-02  1.77511098e-05
  2.58811904e-02  1.25676673e+03  9.23539762e+02  2.41562785e+03
  7.20648587e-01  2.21156422e-03]",0
"[-2.25730682e+02  1.45933487e+02 -8.19834995e+00  3.80484390e+01
  2.56762338e+00 -8.45635796e+00 -1.05799687e+00  2.27240014e+00
 -1.86673069e+01  6.26985264e+00 -1.32704439e+01  5.82874203e+00
 -3.63386559e+00  4.12939980e-02  1.22859806e+01  6.06923722e-03
  2.23590518e-02  2.05130334e+03  2.48621067e+03  4.49740357e+03
  7.04334307e-05  1.50642768e-01]",1
"[-6.98880493e+02  1.06235809e+01 -2.00101204e+01  1.63030300e+01
 -8.30095863e+00  4.58435726e+00 -2.22655320e+00  2.94685769e+00
 -6.52260423e-01  1.88263309e+00  8.21550429e-01  7.52080441e-01
  6.37586772e-01  5.20778372e-02  8.60068066e-02  6.56524698e-05
  2.81970450e-02  1.22772164e+03  6.72321031e+02  2.11478199e+03
  7.81585932e-01  4.76979371e-03]",0
"[-2.43768921e+02  1.53292740e+02 -5.71630907e+00  3.71407814e+01
  3.61738300e+00 -4.46474838e+00 -1.79380700e-01  5.46162558e+00
 -1.69799843e+01  5.02181768e+00 -1.43462019e+01  2.55144596e+00
 -3.95237613e+00  3.93694626e-02  1.07544788e+01  5.04285552e-03
  2.13111546e-02  1.88994770e+03  2.36499958e+03  4.15071568e+03
  3.81603895e-05  1.37536466e-01]",1
"[-7.06173950e+02  3.33808174e+01 -2.25558815e+01  2.30366898e+01
 -4.77866697e+00  3.17337084e+00  1.74678946e+00  2.63844657e+00
  1.69034064e+00  1.71125782e+00  2.73557305e+00  1.87878585e+00
  1.01936281e+00  6.36778846e-02  4.02541388e-02  2.86197865e-05
  3.44539389e-02  1.94297048e+03  1.61162719e+03  3.95127652e+03
  5.89027405e-01  3.45658232e-03]",0
"[-2.63043549e+02  1.58950195e+02  7.53606081e+00  2.94366531e+01
  4.75233030e+00  1.86523640e+00 -6.00754619e-01  4.92476034e+00
 -1.36286392e+01  1.29567087e+00 -1.39611979e+01  1.61337972e+00
 -6.88058090e+00  3.38366116e-02  9.69520671e+00  4.79820808e-03
  1.83181921e-02  1.62733998e+03  2.16654645e+03  3.53265635e+03
  3.60636295e-05  1.26255572e-01]",1
"[-7.19244507e+02  2.43710117e+01 -2.00362415e+01  2.09367809e+01
 -6.21842718e+00  4.03906631e+00 -3.77620697e-01  1.45930004e+00
 -1.35273576e-01  1.76961088e+00  1.98888695e+00  1.11715078e+00
  1.44424796e+00  5.93143495e-02  5.12747557e-02  4.41237546e-05
  3.21087970e-02  1.61175791e+03  1.19520595e+03  3.08730852e+03
  6.74855053e-01  3.66574200e-03]",0
"[-2.82983643e+02  1.65543762e+02  1.98898335e+01  2.84931355e+01
  4.50331783e+00  1.55269277e+00  6.76479757e-01  2.00689554e+00
 -1.15718298e+01  5.70285738e-01 -1.17722235e+01 -1.04675531e+00
 -7.54574537e+00  2.83489022e-02  6.57918493e+00  3.96960453e-03
  1.53412304e-02  1.42458878e+03  2.01892129e+03  3.17832069e+03
  4.73529872e-05  1.04563847e-01]",1
"[-4.23880402e+02 -6.38589211e+01 -1.09366676e+02  4.62786217e+01
 -4.35616302e+01 -4.90374279e+00  2.82109618e+00  6.92147636e+00
 -1.42172918e+01  2.19678574e+01 -1.46122980e+01  6.57354927e+00
  7.98886597e-01  2.66896487e-01  7.85860859e-01  1.60271656e-03
  1.44462890e-01  6.44750798e+03  2.94600640e+03  1.02367156e+04
  7.31940940e-03  3.11221574e-02]",0
"[-2.75349915e+02  1.64543533e+02  1.65848866e+01  3.02807693e+01
 -7.44215727e-01 -2.38348797e-01  2.55467558e+00  1.08013511e+00
 -1.08533602e+01  2.66624331e+00 -1.40425091e+01 -5.48055351e-01
 -5.84197092e+00  3.05412774e-02  7.18227273e+00  3.89404652e-03
  1.65268010e-02  1.54092462e+03  2.04911707e+03  3.46180249e+03
  3.03593315e-05  1.09065957e-01]",1
"[-2.87802032e+02  1.10318008e+02 -5.95481911e+01  6.20833282e+01
 -9.34534073e-01 -4.43078232e+00  1.37965546e+01 -2.05793285e+01
  4.20771742e+00  2.35941029e+01 -4.20909004e+01  4.73079491e+01
 -5.70198669e+01  2.17582338e-01  1.59253994e-01  1.26301662e-04
  1.17687224e-01  5.26942256e+03  4.13881130e+03  1.08164531e+04
  6.37368357e-04  2.05087774e-02]",0
"[-2.82357483e+02  1.72878860e+02  2.35677948e+01  3.00128193e+01
 -8.54748487e-01 -3.04766917e+00  2.73786664e+00 -2.53105974e+00
 -9.11128330e+00  3.00092101e+00 -1.08955488e+01 -2.06131387e+00
 -3.66550565e+00  3.00703005e-02  4.39938557e+00  3.30967846e-03
  1.62757471e-02  1.38321362e+03  1.94218721e+03  3.21420383e+03
  4.21276418e-05  9.12340358e-02]",1
"[-3.66754364e+02  1.52831985e+02 -7.26370773e+01  7.20523911e+01
 -1.12510967e+01  1.87140999e+01 -2.32964439e+01 -1.02104492e+01
  2.26591949e+01 -1.27028017e+01 -6.56675863e+00 -1.07427263e+01
 -2.67163181e+00  1.04439522e-01  9.15886805e-02  1.11039525e-04
  5.65212523e-02  3.04409629e+03  2.66647419e+03  7.11524717e+03
  1.98256763e-04  1.41695477e-02]",0
"[-1.87200607e+02  1.71971329e+02 -7.59035921e+00  3.34162407e+01
 -9.42440605e+00  2.92158455e-01 -1.55597973e+01 -2.36221480e+00
  5.38530171e-01  4.45625448e+00 -1.90996685e+01  1.17741556e+01
 -1.08781128e+01  4.64792590e-02  9.50992220e+00  7.02360958e-03
  2.51631416e-02  1.97768370e+03  2.65859920e+03  5.38668504e+03
  5.78186482e-05  1.50938973e-01]",1
"[-2.57589386e+02  1.74874466e+02  1.10287733e+01  6.69481516e-01
  1.73356419e+01  8.82820415e+00  6.37773418e+00  5.58013916e+00
  4.80851936e+00  5.25849628e+00  4.66080904e+00  4.52867937e+00
  3.92669964e+00  2.02882171e-02  1.22571270e+01  1.99501836e-02
  1.09832936e-02  1.10940136e+03  1.61428796e+03  3.07222455e+03
  1.83153134e-05  1.12362094e-01]",0
"[-2.81423065e+02  1.83325623e+02  1.21703796e+01  3.38861694e+01
 -5.00873899e+00 -4.16708326e+00  2.38629580e+00 -2.69904304e+00
 -1.12333965e+01  6.37936974e+00 -1.07346935e+01 -8.27676177e-01
 -8.59298468e-01  3.29608653e-02  4.05706404e+00  3.25420509e-03
  1.78389160e-02  1.53564083e+03  2.04440037e+03  3.62170892e+03
  2.23358347e-05  9.12817717e-02]",1
"[-2.81439789e+02  1.78271027e+02  8.39560242e+01  2.32740040e+01
  9.70722198e+00  1.48988943e+01  1.79521675e+01  1.45912952e+01
  8.60592747e+00  5.85847712e+00  7.50355005e+00  9.13392925e+00
  8.09011269e+00  5.91646635e-03  9.71207143e+01  1.47104480e-01
  3.20358921e-03  2.86260538e+02  6.93209015e+02  5.66753906e+02
  1.40622542e-05  4.47035044e-01]",0
"[-2.64940369e+02  1.80148376e+02  1.96606326e+00  3.79333839e+01
 -9.89795685e+00 -7.77645159e+00  2.72781086e+00 -2.82371855e+00
 -1.27565546e+01  9.19469261e+00 -1.24355240e+01 -8.67346168e-01
  2.28575325e+00  3.72026676e-02  4.04790975e+00  2.98908346e-03
  2.01455942e-02  1.70913378e+03  2.21863855e+03  4.17556679e+03
  2.52766913e-05  9.10475925e-02]",1
"[-2.21174911e+02  2.04747009e+02  4.34914932e+01  4.35899067e+00
  1.86833572e+01  1.67800312e+01  1.02466431e+01  8.56834602e+00
  9.15673637e+00  8.55578041e+00  7.03057814e+00  6.08587074e+00
  6.21529722e+00  6.55488536e-03  8.17515157e+01  1.36083663e-01
  3.55225177e-03  4.53109525e+02  9.56389829e+02  1.15601736e+03
  2.73594378e-06  4.25165266e-01]",0
"[-2.55361237e+02  1.82509995e+02 -4.45027733e+00  3.50285301e+01
 -1.10213776e+01 -1.09805727e+01  1.84392500e+00 -2.02612996e+00
 -1.53284874e+01  1.04706926e+01 -1.32638712e+01 -3.50844193e+00
  5.05210733e+00  4.08335540e-02  4.08107984e+00  2.87816806e-03
  2.21074621e-02  1.77544801e+03  2.24501880e+03  4.24360043e+03
  3.05229696e-05  9.14342925e-02]",1
"[-2.91775665e+02  1.66504623e+02  7.96502304e+01  3.05116539e+01
  2.02037029e+01  1.98796883e+01  1.71749287e+01  1.33832378e+01
  1.21473331e+01  1.20853472e+01  1.03903933e+01  8.04144382e+00
  6.93053865e+00  4.42307692e-03  6.95868739e+01  1.18490113e-01
  2.39540854e-03  2.85707137e+02  9.42787919e+02  4.38730732e+02
  6.36937375e-06  3.90885651e-01]",0
"[-2.19447510e+02  1.87669525e+02 -5.08531046e+00  3.26109924e+01
 -6.86633825e+00 -1.24403868e+01  2.26308727e+00 -3.28727007e+00
 -1.69247036e+01  9.55897999e+00 -1.36543150e+01 -6.41510010e+00
  5.17601681e+00  4.17183287e-02  6.89361868e+00  6.08989119e-03
  2.25830781e-02  1.68108685e+03  2.15724131e+03  4.11418555e+03
  4.83338335e-05  1.24141686e-01]",1
"[-1.33935394e+02  2.24966278e+02  1.75370777e+00  1.21330528e+01
  7.38588190e+00  1.68564355e+00  6.82329416e+00  2.78314590e+00
  2.15355635e+00  6.96765614e+00  5.75377083e+00  6.71102107e-01
  4.65295458e+00  1.76905459e-02  6.51043998e+01  8.82154973e-02
  9.57452066e-03  9.14053056e+02  1.38733844e+03  2.23188428e+03
  2.34364343e-04  3.99409086e-01]",0
"[-2.30498550e+02  1.92379349e+02  4.24047768e-01  3.01706982e+01
 -2.86003685e+00 -1.14168539e+01  2.41170073e+00 -5.76123714e+00
 -1.65553818e+01  7.05853367e+00 -1.35284100e+01 -1.00031424e+01
  3.78811789e+00  3.64623459e-02  5.80119683e+00  6.31151611e-03
  1.97392415e-02  1.49562492e+03  2.03932868e+03  3.77801542e+03
  3.37417405e-05  1.14958540e-01]",1
"[-4.95349670e+02  1.68771286e+02  8.71878586e+01  3.44518356e+01
  1.24745102e+01  1.07634459e+01  1.64710369e+01  1.43002863e+01
  8.02963638e+00  5.54578209e+00  6.51231623e+00  7.89765978e+00
  6.69356775e+00  4.96174942e-03  5.81805503e-01  1.28979763e-03
  2.68608388e-03  5.07486480e+02  1.77182167e+03  6.91051710e+02
  1.61100907e-05  3.58516462e-02]",0
"[-1.84106903e+02  2.06301956e+02 -6.98722410e+00  3.78398170e+01
 -3.67621565e+00 -1.14512920e+01  2.74757910e+00 -7.42700481e+00
 -1.88872585e+01  7.66136789e+00 -1.77870636e+01 -1.21500254e+01
  4.73456240e+00  3.75006019e-02  1.43338333e+01  1.91175237e-02
  2.03042947e-02  1.40082343e+03  1.97083383e+03  3.52547308e+03
  2.17954075e-05  1.93287671e-01]",1
"[-3.28700531e+02  1.87729950e+02  5.15126686e+01  3.33705368e+01
 -1.94826460e+00 -9.45287704e-01  1.45862131e+01  3.84946442e+00
  2.29692292e+00  2.22980666e+00  6.23520327e+00  7.63094234e+00
  4.38547468e+00  1.12094351e-02  4.61715803e+00  9.31047102e-03
  6.06884293e-03  8.42931056e+02  1.84472943e+03  1.91383797e+03
  7.63730786e-05  9.01198462e-02]",0
"[-1.75554382e+02  2.01072800e+02 -9.24401951e+00  4.05183296e+01
 -4.64022684e+00 -6.19433022e+00  1.59532443e-01 -9.19721794e+00
 -1.57049894e+01  4.14751148e+00 -2.19543800e+01 -1.03475885e+01
  1.87115097e+00  4.14820878e-02  1.63314212e+01  2.11939108e-02
  2.24458799e-02  1.45983675e+03  2.03123505e+03  3.76653547e+03
  2.33890732e-05  2.07346678e-01]",1
"[-2.79885651e+02  2.10200272e+02  2.23994999e+01  1.42913342e+01
  6.07128716e+00  7.73183584e+00  1.00930538e+01 -2.42805362e+00
  4.32430506e+00 -2.35695338e+00 -3.16661572e+00  5.33863401e+00
  2.79088020e+00  1.63206130e-02  6.33664104e+00  1.45721816e-02
  8.83559119e-03  8.44462885e+02  1.52236979e+03  1.86089941e+03
  1.45720933e-05  1.00368440e-01]",0
"[-1.97464493e+02  1.60878021e+02 -1.12741404e+01  3.36503716e+01
 -1.19417782e+01  3.40768194e+00 -1.86162968e+01  6.16978467e-01
  1.38550317e+00  8.07082558e+00 -2.13120041e+01  1.57482834e+01
 -1.28311396e+01  5.08444482e-02  8.80410051e+00  4.64576702e-03
  2.75190863e-02  2.30350428e+03  2.93285529e+03  6.31876749e+03
  7.74560831e-05  1.40081063e-01]",1
"[-4.66803955e+02  1.25977432e+02 -7.03357391e+01 -9.70560455e+00
 -4.64131851e+01 -1.86246090e+01 -3.28653259e+01  1.31653910e+01
 -1.88425999e+01  1.01853408e-01 -2.86017585e+00 -1.39373267e+00
 -3.11770344e+00  1.04572504e-01  4.22454111e-02  8.70698495e-05
  5.65741633e-02  3.12445660e+03  2.77005323e+03  6.74969093e+03
  4.63734497e-04  7.64335738e-03]",0
"[-2.01531174e+02  1.58451843e+02 -9.04694366e+00  3.00476971e+01
 -8.94289398e+00  5.60825396e+00 -1.98272858e+01  5.84131658e-01
  1.08071268e+00  8.62835026e+00 -2.02040997e+01  1.48964548e+01
 -1.18962259e+01  4.46013699e-02  9.90507140e+00  4.86222963e-03
  2.41466016e-02  2.25105228e+03  2.94441555e+03  6.23940321e+03
  5.29780773e-05  1.47237808e-01]",1
"[-4.77795135e+02  1.26182304e+02 -5.87481384e+01  6.56362915e+00
 -5.28237762e+01 -6.36390686e+00 -1.59884453e+01  2.06078949e+01
 -2.83986588e+01  3.11659050e+00 -3.79481626e+00 -3.66419625e+00
 -2.42658830e+00  1.09901938e-01  2.62285854e-02  4.31933678e-05
  5.94723268e-02  3.41698723e+03  3.14103740e+03  8.05659581e+03
  8.20305606e-04  5.54894609e-03]",0
"[-1.92867538e+02  1.45957886e+02 -1.16106215e+01  3.54317665e+01
 -1.11073542e+01  9.29010010e+00 -2.35139523e+01  2.75880122e+00
  1.68471634e+00  9.07320690e+00 -2.18360119e+01  1.73443184e+01
 -1.32204180e+01  4.89876252e-02  1.30387993e+01  5.06271176e-03
  2.65260520e-02  2.51560868e+03  3.13142271e+03  6.77471399e+03
  5.95351339e-05  1.68971360e-01]",1
"[-4.15010864e+02  3.77157860e+01 -7.08135910e+01 -2.34821868e+00
 -3.41127701e+01 -2.21713085e+01 -3.76861305e+01 -2.10955358e+00
 -2.81973763e+01 -1.45915346e-02 -2.24167213e+01  2.06350112e+00
 -1.28047714e+01  1.71142390e-01  4.21465324e-02  6.11533738e-05
  9.26076479e-02  4.92303252e+03  3.87740028e+03  1.11220898e+04
  1.29638195e-01  8.07638746e-03]",0
"[-1.97648270e+02  1.38654877e+02 -1.66256542e+01  3.38945961e+01
 -1.03474760e+01  1.25859804e+01 -2.24564018e+01  7.22683096e+00
  1.47887635e+00  3.63802648e+00 -2.17972507e+01  1.79267998e+01
 -1.33350382e+01  5.17578125e-02  1.06983844e+01  4.14564580e-03
  2.80265091e-02  2.66255812e+03  3.21175181e+03  7.14854234e+03
  7.90000777e-05  1.51464850e-01]",1
"[-5.14440552e+02 -3.44663544e+01 -5.48924408e+01  3.87577987e+00
 -5.92456284e+01  1.18550682e+01 -8.67846012e+00 -2.56089568e+00
 -1.53282957e+01  2.27638264e+01 -8.78536940e-01  1.01425676e+01
  1.25287609e+01  3.37462769e-01  2.71820835e-01  7.99865433e-04
  1.82651077e-01  7.73002074e+03  3.69851132e+03  1.27323629e+04
  1.59139205e-02  1.03516541e-02]",0
"[-1.93747223e+02  1.37858612e+02 -1.91586494e+01  3.79810066e+01
 -1.07699585e+01  8.45915413e+00 -1.96211414e+01  9.76102924e+00
 -2.63814688e+00  2.66071296e+00 -1.91053104e+01  1.64442234e+01
 -1.42820568e+01  5.01628106e-02  1.27864067e+01  4.29477985e-03
  2.71535153e-02  2.62314042e+03  3.10072408e+03  6.73350561e+03
  8.58293279e-05  1.67918220e-01]",1
"[-5.34021545e+02 -4.68450775e+01 -1.36484024e+02  5.06241035e+01
 -1.74731541e+01  1.52299814e+01  2.85840130e+01 -1.86342926e+01
  4.84011507e+00  2.73602575e-01 -5.97372341e+00  7.62086391e-01
  5.12725782e+00  2.56790796e-01  3.81901604e-01  5.69851050e-04
  1.38992028e-01  5.64405921e+03  1.93757294e+03  7.63489744e+03
  8.51612422e-04  1.65307317e-02]",0
"[-1.97102829e+02  1.39374161e+02 -1.92434311e+01  3.90165977e+01
 -8.86143589e+00  4.05810881e+00 -1.82600460e+01  9.40357590e+00
 -4.53791237e+00  3.67797589e+00 -1.81582336e+01  1.64057865e+01
 -1.35087337e+01  4.82533224e-02  1.20371338e+01  4.21481977e-03
  2.61144837e-02  2.53307400e+03  3.07449730e+03  6.37016184e+03
  7.96162713e-05  1.62524223e-01]",1
"[-4.33962524e+02 -1.90665209e+00 -1.32966965e+02  2.86233635e+01
  1.17296190e+01 -2.44458637e+01 -4.70658731e+00  1.58570814e+01
 -9.64929867e+00  1.52235193e+01  1.10992250e+01 -5.86221218e+00
 -6.83354759e+00  1.69523431e-01  7.53790081e-01  1.24875213e-03
  9.17421224e-02  4.27629031e+03  2.12305785e+03  6.12734837e+03
  6.04011293e-04  3.46050113e-02]",0
"[-1.94075241e+02  1.39280807e+02 -2.25338516e+01  3.95655098e+01
 -8.32560730e+00  6.97514892e-01 -1.70008469e+01  8.46714687e+00
 -6.33150101e+00  6.12168980e+00 -1.89840279e+01  1.69627476e+01
 -1.39561472e+01  4.86219785e-02  1.29131180e+01  4.24214311e-03
  2.63073112e-02  2.56895930e+03  3.03513361e+03  6.37120698e+03
  8.27585754e-05  1.69063672e-01]",1
"[-4.22961578e+02  1.77207661e+01 -1.46660461e+02 -3.87992144e-01
  5.23950696e-01 -1.69947357e+01 -2.90861249e+00  7.03824949e+00
 -7.10752153e+00  3.36671410e+01  1.99232159e+01 -1.13505583e+01
 -1.12872047e+01  1.60932685e-01  6.25287363e-01  8.57579902e-04
  8.71139727e-02  3.97262274e+03  2.18161641e+03  5.79239846e+03
  5.54001483e-04  3.14215161e-02]",0
"[-3.15875916e+02  9.75604553e+01 -3.80406380e+01  8.32572174e+01
  4.75952110e+01 -7.18167448e+00  1.06874218e+01  2.72566929e+01
  9.70804024e+00  2.17989960e+01  4.27871799e+00  4.98903131e+00
  1.07725315e+01  9.89262327e-02  2.01526075e+00  3.30018583e-03
  5.35299303e-02  3.03912511e+03  2.73045184e+03  5.54954441e+03
  2.76195322e-04  6.36888295e-02]",0
